Store,AverageCustomers,CustomersDeviation,AverageSales,SalesDeviation,Cluster
1.0,564.0499359795134,8781.091092944615,4759.096030729834,1024359.3510226862,288
2.0,584.5076726342711,24101.341170248652,4959.735294117647,2585855.951608044,1
3.0,750.0770218228498,28995.377093432686,6942.568677792041,4810932.51295082,2
4.0,1321.7525510204082,39341.867171006335,9638.401785714286,3748219.4437260535,3
5.0,537.1301546391752,27517.421747588956,4673.503865979382,3127561.04772697,4
6.0,635.1428571428571,25592.18188512518,5508.676962676963,2496011.177728907,357
7.0,949.8469387755102,44817.06211066802,8831.4375,5929540.9769316735,262
8.0,658.1977040816327,30700.789726522795,5539.3584183673465,3587594.194488427,5
9.0,579.8164313222079,10643.00353429187,6562.337612323492,2652513.6557942918,6
10.0,593.9553571428571,6597.082295657727,5568.4209183673465,1104880.1086806369,288
11.0,1130.091836734694,51945.43983110486,8030.977040816327,5028922.977760836,7
12.0,896.952806122449,21974.867501694163,7589.598214285715,4227003.591874202,8
13.0,382.8341384863124,7765.751477845306,5034.747181964573,2616327.8150122073,9
14.0,631.4672657252888,17819.21582940359,5508.567394094994,2189355.9424316324,240
15.0,663.4017857142857,10738.340277777777,6672.844387755102,2642790.4559582453,10
16.0,852.4774774774775,29382.79105136064,7680.683397683398,3626579.2243760694,11
17.0,791.6751918158568,57414.99551692859,6335.6624040920715,6238117.747598822,530
18.0,713.2800511508951,19721.71276414591,6560.277493606138,3180584.7564454386,12
19.0,624.6700898587933,18966.311327883945,6464.915275994866,3393226.8771313825,13
20.0,848.5589660743134,36227.55760151827,7756.9353796445885,2874485.8501863847,14
21.0,516.3616473616473,11591.476001406414,5482.320463320463,3206861.934542053,15
22.0,504.2471728594507,7798.2316869781625,4525.857835218094,1299610.5137370538,288
23.0,482.43645699614893,9816.066329847441,5520.281129653402,2577726.654797694,16
24.0,835.4300385109115,25984.235137659183,9388.28626444159,6785092.610749396,17
25.0,1570.3626666666667,88575.16869781932,11168.742666666667,7884140.650647084,187
26.0,556.0728900255755,14319.419776272141,6671.695652173913,4051365.461671213,18
27.0,1074.7586649550706,46783.9905257218,9478.57381258023,8499439.129184803,216
28.0,583.5885416666666,33485.26985549761,5313.736979166667,4530195.325775478,19
29.0,653.7008985879332,18999.87057759767,7364.775353016688,4860202.739957298,20
30.0,777.1274131274131,31731.25565219122,5294.782496782497,2378828.541548913,357
31.0,586.0510204081633,8224.452055151562,5862.427295918367,1779461.66520545,240
32.0,477.1867954911433,13283.832793101657,4067.8212560386473,1635826.3373539036,240
33.0,836.3093709884467,15378.872032894324,8436.659820282413,3046373.9368282454,21
34.0,993.4591836734694,15819.97789767248,8031.485969387755,2289170.073876965,357
35.0,729.6546854942234,20134.246928532066,9703.071887034659,8990347.203051833,137
36.0,1090.3183279742766,13199.157763383404,9363.638263665594,1751902.8399506034,240
37.0,781.0910256410257,28878.973731937727,7114.170512820513,3575848.000413087,22
38.0,535.3453145057766,14005.601684316127,6004.643132220795,3281788.2169547006,23
39.0,629.6161745827984,31075.391049100588,4852.571245186136,3476474.556292921,24
40.0,663.8208762886597,16854.474970069838,4902.3389175257735,1267518.3353092782,288
41.0,397.959807073955,6907.996771621335,5335.059485530546,1898321.128500862,240
42.0,1100.0487804878048,31697.552887328362,10178.136071887035,6186856.248812827,262
43.0,610.1591784338896,17399.190567961694,6822.9139922978175,3856168.1738271,25
44.0,640.0586734693877,18315.22771522402,5478.5,2514829.0957854404,285
45.0,415.38125802310657,6461.447000471899,5348.469833119384,1746225.3188188667,240
46.0,660.5016077170418,14315.287437024612,5352.290996784566,2492464.834669214,357
47.0,920.6505102040817,23823.16761148904,7145.102040816327,3046281.580889827,26
48.0,429.2334183673469,7341.898192131259,3934.966836734694,819699.3782091382,288
49.0,531.7078507078508,9462.268920245724,7304.113256113256,3283156.440764771,27
50.0,358.7997432605905,5415.831310987985,4256.070603337613,1394902.3510498926,288
51.0,496.9871382636656,7744.882281974411,6675.286173633441,2299107.3865718087,357
52.0,503.4983922829582,11616.98469950448,7407.945337620578,3983386.435010433,28
53.0,566.7091836734694,14950.681601376184,5264.807397959184,2188818.1786936037,240
54.0,731.2974358974359,26092.684203943256,7924.261538461538,4312728.021368619,29
55.0,558.8738738738739,21950.710875824276,4597.965250965251,2357607.920182701,357
56.0,506.93854033290654,10247.401346071769,7321.754161331626,2994393.839485866,30
57.0,989.2845953002611,62848.09929179679,10593.87859007833,13567506.208769774,31
58.0,513.1318327974277,8259.119468133029,6336.403536977492,3205962.1283610607,32
59.0,564.0153452685422,24902.811543990752,5501.312020460358,3661207.044644056,33
60.0,713.1196911196911,34813.90704732715,8027.350064350065,7293597.212348578,316
61.0,571.7387387387388,10368.536036036036,4722.005148005148,1422888.9097672785,288
62.0,717.9833119383825,30146.52028670334,6503.86649550706,3354430.6916652094,34
63.0,638.8520408163265,15047.040659942137,6956.3877551020405,3455672.8711653245,35
64.0,792.8536585365854,20650.57238698351,10359.525032092426,6990778.882084671,141
65.0,455.9,14288.120924261873,5112.8948717948715,3089803.932451203,36
66.0,524.056628056628,5863.5199850070985,6114.360360360361,1341470.2849215195,288
67.0,798.3230373230373,26790.04370828855,7828.930501930502,4791470.858565856,37
68.0,1151.954081632653,40945.12687987072,7563.252551020408,3715304.3167240075,38
69.0,1183.663252240717,37433.17748120424,9426.451984635083,4721516.245447979,39
70.0,679.0971867007672,14404.27991525063,6608.028132992327,2815627.5920372265,40
71.0,746.9204107830552,22433.96280908554,9061.09756097561,6673607.154994044,41
72.0,474.8504823151125,18051.293228430444,4419.855305466238,3149572.9838606957,42
73.0,494.13520408163265,15002.965093700315,4576.978316326531,1840240.6547016315,240
74.0,854.2229381443299,29576.756686065844,6256.630154639175,2913669.2294895244,43
75.0,642.140306122449,10462.9355891782,6023.4540816326535,1663673.3542106498,240
76.0,928.1221864951768,21359.373130155178,8999.593247588424,4284276.827844831,44
77.0,662.8335467349552,13166.300462917365,7621.489116517286,3834115.9989198595,45
78.0,494.85897435897436,9847.520522695106,3717.473076923077,1191778.8041522661,288
79.0,560.4877734877734,11767.21666733007,5474.240669240669,2393926.048962438,357
80.0,577.7458279845956,11872.77593051536,7616.2734274711165,3147172.458560345,46
81.0,561.4983922829582,6970.591784850697,6985.688102893891,1743167.4613397126,240
82.0,838.5596919127086,38848.267319185165,9019.653401797175,7822597.036527617,187
83.0,345.8395378690629,3340.235144259168,3887.7060333761233,785002.7425213922,288
84.0,1392.3106546854942,43416.880233375465,12955.997432605905,8689465.447294172,216
85.0,1002.8061002178649,73205.48689840653,7178.971677559913,4693137.072261305,47
86.0,604.9601542416452,15698.172155445935,4695.021850899743,1875794.4023533266,240
87.0,737.4477040816327,32613.351029204787,5865.161989795918,2662376.506292843,48
88.0,613.4910256410257,41813.77013758599,6024.433333333333,6069969.60915704,262
89.0,624.1752411575562,12194.62141499811,5971.33922829582,1615628.11823322,240
90.0,1057.060411311054,35145.40046418067,8416.768637532134,4072322.9168014876,49
91.0,614.1801801801802,21469.55769945203,5562.392535392535,2763885.3083462697,50
92.0,547.0577663671373,12602.401543076452,5996.684210526316,3374138.3345961305,51
93.0,603.5545571245186,26744.13680118536,5965.175866495507,3811162.523015797,52
94.0,640.1437740693196,14617.352053090279,7121.14377406932,3975223.699096792,53
95.0,843.5971685971685,47254.591383725405,7635.204633204633,5945487.353689847,262
96.0,542.5019305019305,36620.98485451578,5173.4851994852,5111889.224329632,54
97.0,688.4517374517375,25066.982525972217,6699.3680823680825,4011286.575680983,55
98.0,451.5853658536585,6082.497523355696,5109.863928112965,1688567.0997125707,240
99.0,465.5209003215434,6999.315987593913,5130.520900321543,1813929.966551201,240
100.0,686.2194719471947,12328.396380547147,7964.412541254125,2796485.264239151,56
101.0,777.155612244898,11844.3205814893,7469.877551020408,2799570.222534991,57
102.0,1051.9505208333333,56621.49168160582,7082.287760416667,5496971.7801889805,58
103.0,421.6164817749604,6807.687600935778,4689.497622820919,1458449.7932483084,288
104.0,1312.3775510204082,16689.530325540178,10126.536989795919,2011108.1365610422,240
105.0,515.0490716180371,21881.653631275076,4441.3673740053055,2969600.421298009,59
106.0,825.6477419354839,22652.634151871298,8668.81935483871,4286728.633991832,60
107.0,955.3112244897959,12394.768915995517,7336.589285714285,1592399.5782247765,240
108.0,848.7813504823151,18975.594627480827,11035.360128617363,5451112.884591288,61
109.0,742.3762755102041,13364.853127362057,6464.323979591837,2183208.2525021504,240
110.0,587.4387755102041,17576.343628639195,4534.429846938776,1509212.7639100659,288
111.0,597.6747759282971,10864.963324468958,6771.745198463508,2863757.361916018,62
112.0,775.9936224489796,7102.591274728283,6229.448979591837,818977.1263846535,288
113.0,699.3135048231511,16364.821041158591,7199.077170418006,2939263.684856393,63
114.0,608.2173913043479,9317.85280855091,5350.3363171355495,1576159.5807280324,240
115.0,552.0450160771704,11080.233074959482,7371.689710610933,2866718.2916491916,64
116.0,758.2477650063857,12017.317050625015,7294.54533844189,2017707.8543995975,240
117.0,492.06546854942235,11801.061261059098,3881.956354300385,1191754.0263702392,288
118.0,675.5460358056266,18774.220029079384,7781.606138107417,5260211.877964836,65
119.0,664.9642857142857,11186.499361430397,6005.085459183673,1936956.55846007,240
120.0,638.1959026888604,10941.25003447257,7110.102432778489,2974719.6818017666,66
121.0,504.1081081081081,19880.596544998607,4452.305019305019,1914853.34885364,240
122.0,797.7356979405034,62041.75938857303,6499.156750572082,5035953.852835247,67
123.0,959.77734375,82295.58399710724,8399.204427083334,10521368.76780306,254
124.0,525.6829268292682,17009.980312245283,4424.1463414634145,1614066.384726315,240
125.0,1573.9413265306123,70510.93652748455,11836.848214285714,7517329.653815453,187
126.0,543.8125802310655,12079.221898089634,6507.75353016688,9299674.319637265,137
127.0,659.7813504823151,14363.987542134611,5237.4758842443725,2292926.8907218417,357
128.0,594.6824583866837,14952.270832922944,7454.672215108835,4608289.777034702,68
129.0,1165.4630225080386,31657.42133577727,9208.120578778135,4127842.045018666,69
130.0,573.7451984635084,5904.8311467874855,5121.062740076824,929698.9229817131,288
131.0,558.8973042362003,10360.231085268504,5275.404364569961,1689476.3954050906,240
132.0,582.4051446945338,10937.159264954875,6283.255627009647,2531823.5915544373,447
133.0,758.8273657289003,45815.848520324456,6467.759590792839,4682302.60794247,70
134.0,494.5969387755102,8991.640654729325,4725.8915816326535,962207.8234794876,288
135.0,539.7810499359795,7869.31994812699,5952.416133162612,1866194.88430349,240
136.0,423.98070739549837,9599.155826873988,5488.818327974276,3218001.160178842,71
137.0,957.2813504823151,25257.165480942986,8274.98231511254,2940650.8322149212,72
138.0,713.5842985842986,51590.65557789012,7328.150579150579,7459491.411575051,187
139.0,513.8151125401929,11703.886856589568,6464.1495176848875,2844257.1644039536,73
140.0,963.6120358514725,21201.20698315769,7469.049935979513,2637675.7449390986,74
141.0,611.8983268983269,11245.91619565073,5540.741312741313,2140643.7564482745,240
142.0,568.7355584082156,11906.099646570812,4603.965340179718,1134577.3162778725,288
143.0,582.0423620025674,15536.57018258858,6314.756097560976,3451965.248918427,75
144.0,730.5852090032155,19591.28338795947,7744.631832797428,3467462.390804687,76
145.0,1267.7861842105262,57091.993746206535,8342.263157894737,4286411.400156074,77
146.0,702.4223363286264,13108.470503017843,7812.83055198973,4128660.002098795,78
147.0,879.6161745827984,20662.650689203416,8212.558408215662,3964343.9615583885,79
148.0,819.4770408163265,13150.699344488752,8638.96556122449,2486365.0831036437,357
149.0,486.21864951768487,9137.907026836707,5567.483922829582,2242040.060127582,357
150.0,820.3966836734694,21386.33413969036,8417.24107142857,4628783.363266284,80
151.0,652.0076923076923,14331.409440110596,6755.764102564102,3453034.3062835326,81
152.0,621.403080872914,21041.757625457463,5541.939666238768,3461590.9899284234,82
153.0,633.8793324775353,25271.46356973379,7066.812580231065,6767806.3889932055,83
154.0,737.4302176696543,18653.060829311533,8737.57362355954,5243735.357713648,84
155.0,660.2556270096463,12057.32746426001,6885.914790996784,2652485.0796842556,85
156.0,712.6202046035805,48674.5533940682,6961.611253196931,7926019.728323908,187
157.0,989.8305519897305,31914.852998538106,9722.790757381257,5880823.003719092,262
158.0,519.9845956354301,7737.10516085813,8156.865211810013,2711630.584636555,86
159.0,695.895498392283,14618.103393551526,7747.549839228296,4376924.998317204,87
160.0,559.1843790012804,7953.242883876686,5730.658130601792,1987717.6329754754,240
161.0,819.2182284980745,11421.502443644378,7252.598202824133,1960084.135266689,240
162.0,555.6952624839948,11069.973682655373,7768.131882202305,4700091.640277093,88
163.0,870.8048469387755,24161.881406873094,7298.706632653061,2303193.7963288766,357
164.0,633.4453376205788,20685.490565988886,6210.369774919614,3951159.2221445544,89
165.0,422.65434083601286,5807.521229113918,3996.8344051446948,868435.0240639773,288
166.0,817.2682926829268,25384.145150166154,5819.24646983312,2334552.8646244113,357
167.0,1055.1846153846154,76334.97229189296,9295.779487179487,10370132.785714755,254
168.0,731.2445302445302,28650.59992171848,7517.148005148005,5231279.6700765565,90
169.0,687.9164490861618,19139.72634345296,7218.92819843342,3901031.779151521,91
170.0,543.7625160462131,12045.068207543123,5009.441591784339,1761594.1697846097,240
171.0,867.2451861360719,36331.45780134706,8429.147625160462,6319359.025736641,530
172.0,868.9019292604502,15376.04350673895,6981.672025723473,1733349.476800721,240
173.0,1006.5369897959183,27196.764913532465,8232.783163265307,3650712.1853611176,92
174.0,479.5225080385852,4218.546191445185,5936.540192926045,1057991.9235027002,288
175.0,690.7079081632653,9583.586348619909,5784.548469387755,1512724.6106745382,288
176.0,631.9987163029525,25092.499998350002,5278.177150192554,3185853.166520917,93
177.0,485.2769230769231,21226.005371778414,3994.096153846154,2048913.0446578453,240
178.0,923.2947232947233,35843.72617057411,10084.241956241956,8707209.572825033,216
179.0,955.8318356867779,34955.14006487785,7295.274711168165,4321104.487418779,94
180.0,843.2385204081633,14776.8485270545,7220.061224489796,2433981.242734642,357
181.0,668.5209003215434,27807.245134131757,6379.511254019292,4972525.319518875,95
182.0,417.79385403329064,6517.835654486359,5304.654289372599,1911205.1982796546,240
183.0,601.7540983606557,22487.555196640555,4827.116393442623,2778349.922390912,96
184.0,595.6679536679536,10474.603520678264,6594.2972972972975,2775170.441139593,97
185.0,545.2283163265306,10415.011662040295,7170.617346938776,3523513.960669325,98
186.0,381.0594855305466,3968.0367134224957,3783.83922829582,851952.9886035903,288
187.0,775.7079081632653,28252.74599102093,6279.7334183673465,2932222.6606442383,99
188.0,438.2400513478819,7714.025848840548,4986.952503209242,2224230.6956846,240
189.0,837.1258023106546,16795.539423359325,8762.929396662388,3786374.8754714867,100
190.0,656.104501607717,10472.26442414734,7198.954983922829,2300440.374781884,357
191.0,713.8585209003215,9691.535506987486,6838.9372990353695,1556977.002503482,288
192.0,645.4131832797427,41837.88536537376,9016.834405144695,11225914.148057537,295
193.0,781.6589446589446,27096.57038702915,5362.036036036036,2947775.3389059165,101
194.0,417.6499356499356,4112.421111464926,4829.492921492922,1096985.3997565312,288
195.0,1298.4403080872914,48440.65035260419,10713.17971758665,6164957.985654932,262
196.0,696.8529411764706,16250.420087369135,5216.3363171355495,2007879.5115859068,240
197.0,842.280612244898,22736.557171527616,6846.668367346939,3107368.106992989,102
198.0,338.4782608695652,20060.564827701386,2900.6048593350383,2552843.102306702,103
199.0,624.5827984595635,14044.541657454189,7955.697047496791,4358261.6150426855,104
200.0,967.6534017971759,19958.928558464315,7729.5442875481385,2158361.556840719,240
201.0,444.21566110397947,8118.8634562140505,5249.351732991014,1639981.7527315686,240
202.0,509.39180537772086,7133.510394300535,6065.797695262484,1857624.1333792969,240
203.0,882.7166666666667,28571.88752674369,6780.816666666667,3310636.863649979,105
204.0,524.1784565916398,6462.278891011801,5486.247588424438,1090509.7453645451,288
205.0,879.1862244897959,21127.45186618709,6536.820153061224,2766082.781151445,106
206.0,799.9050064184852,34090.284023746746,7157.551989730424,4587854.651213902,107
207.0,1300.3813775510205,60151.561900526496,11184.206632653062,10602333.35443871,254
208.0,413.4719387755102,6152.239313733156,2936.2908163265306,513408.94980060996,288
209.0,582.0895522388059,28623.913810259048,5637.7554535017225,3418273.295300685,108
210.0,326.25930680359437,3592.066349647396,3193.98459563543,721291.806960344,288
211.0,1485.8048469387754,72569.38332258191,12994.345663265307,10090702.997861117,254
212.0,460.7576530612245,9020.278357703233,4775.656887755102,1575537.8093267002,240
213.0,652.6662387676508,13331.343473110013,8131.0410783055195,4724058.4327577045,109
214.0,715.4505776636714,19084.142477172303,9331.875481386392,5220003.10401246,110
215.0,490.28341384863126,11034.225998649421,6313.492753623188,3290213.0406732117,111
216.0,887.6726804123712,25152.501755902893,7226.775773195876,3506767.833528434,112
217.0,642.8801020408164,6847.428773425079,4700.8877551020405,993721.052519092,288
218.0,696.3987138263666,31985.42209174084,5018.577170418006,2259078.643793591,357
219.0,406.4441591784339,8403.023548745838,3133.712451861361,676122.2693948804,288
220.0,644.6237113402062,15636.358869304955,4906.432989690722,1648218.7000199533,240
221.0,552.75,8694.409961685824,5821.838010204082,1994691.857506125,240
222.0,561.5637755102041,14412.095544348009,4982.456632653061,2101586.8614629763,240
223.0,738.7161125319693,20378.71059792842,7232.875959079284,4317469.921854073,113
224.0,478.66023166023166,8706.508120049357,6629.749034749035,3127573.0310074436,114
225.0,556.9166666666666,14084.692661531879,5204.908974358975,2142807.4743737862,240
226.0,703.01152368758,16124.724226008733,7257.290653008963,2733789.970540727,115
227.0,561.8878748370274,14647.598377592669,6028.297262059974,3528954.089065601,116
228.0,593.1168164313223,7519.298675713046,7946.139922978177,2400760.5472344416,357
229.0,734.2516046213094,17409.903194722654,8645.36328626444,4991491.961683788,117
230.0,940.2270408163265,16513.79257565095,7561.640306122449,2764951.645678578,118
231.0,394.5016077170418,5993.136068264545,4770.279742765273,1658452.9618756182,240
232.0,304.23267973856207,5130.291339013791,3376.759477124183,1128467.2195599356,288
233.0,1031.6658130601793,18187.09715026757,9431.089628681179,3240994.5304179387,119
234.0,1024.721437740693,47443.0958251796,11072.315789473685,12297978.977269653,295
235.0,501.12932138284253,12568.84094684658,5935.44814340589,3791758.3219869332,120
236.0,864.7882653061224,37769.83761435609,7119.563775510204,3869356.363743582,121
237.0,574.7308673469388,7908.176517254411,4535.991071428572,576133.1148627076,288
238.0,1102.797385620915,36235.782192108956,7671.733333333334,3564954.672251309,122
239.0,472.0680359435173,8001.441380584824,5071.210526315789,1919227.0815857125,240
240.0,459.75382653061223,4892.060649451351,4812.035714285715,979554.3997445721,288
241.0,704.7188703465982,12291.59053034178,6583.227214377407,2126343.3814692227,240
242.0,365.84635083226635,8301.13020782035,4093.0947503201023,2091422.308959585,240
243.0,953.0305466237942,35129.26637619025,7071.08038585209,4381983.935556694,123
244.0,540.3427471116817,11861.456923549076,5271.098844672657,2892963.006926684,124
245.0,1020.7567221510883,18475.77663744706,8897.663252240716,2369175.649276076,357
246.0,937.2997448979592,18624.506462259233,7081.054846938776,2174508.238367282,240
247.0,683.966709346991,18745.34248005516,8576.710627400767,5981779.300771529,262
248.0,1112.5357142857142,39577.45977011494,8362.170918367347,5096656.545462246,125
249.0,537.734693877551,8511.03552532124,5285.823979591837,1623847.9357716267,240
250.0,657.9385403329065,16992.824422994847,8470.623559539052,6156820.565803211,262
251.0,2450.4929396662387,119977.17572129585,19123.068035943517,12585761.006933283,295
252.0,809.630295250321,25104.54694734202,10615.512195121952,8346758.173051602,216
253.0,690.7137355584082,30462.780415205045,5746.724005134788,4197701.310618386,126
254.0,258.6739409499358,2885.6313380479223,3005.9833119383825,692460.2503638242,288
255.0,640.3632862644416,11200.774023119746,6271.130937098845,2210643.3144529765,240
256.0,1247.194587628866,70309.51950615231,9832.87886597938,8038760.906597938,216
257.0,632.0102040816327,24297.17486381526,5335.585459183673,2139316.6338112834,240
258.0,493.88585209003213,7336.53284299258,5642.096463022508,1525497.3272338465,288
259.0,2364.3340707964603,128521.71108595733,11525.102876106195,5494266.506569792,127
260.0,911.4489795918367,6514.3984153048195,6559.997448979592,655471.8799423984,288
261.0,948.9345314505777,60607.87874177889,12616.487804878048,23740054.160198133,163
262.0,3369.1416122004357,287217.9690189901,20426.218954248365,18090436.522344816,266
263.0,355.85530546623795,4423.814778569986,3707.516077170418,897160.2501436848,288
264.0,954.3753280839895,37781.17563228381,7234.240157480315,5262732.992182893,128
265.0,503.25545571245186,18559.87424718923,4954.829268292683,3132038.247162832,129
266.0,531.021879021879,20614.284314505963,4387.011583011583,1881595.3851749394,240
267.0,1124.515306122449,79826.34459300962,9289.160714285714,6835781.728927203,130
268.0,598.0293367346939,13940.138346430525,4881.173469387755,2101001.95454427,240
269.0,1231.1001283697049,81756.8434318601,9346.706033376124,9139348.90447512,137
270.0,1205.0676020408164,19797.897084408476,9291.623724489797,2584416.6232423047,131
271.0,791.5418275418275,82441.51145696506,7837.057915057915,11871857.428342553,295
272.0,629.5608194622279,25376.903027019926,6237.314980793854,4773122.6545060575,132
273.0,703.6521181001284,16913.461084839506,7059.648267008986,4022374.32599635,133
274.0,978.8198895027624,53196.565975651494,3977.6453038674035,1638419.2114408645,240
275.0,749.2974276527331,13740.325242969797,7443.842443729904,2726890.100739912,134
276.0,520.7966537966538,18276.14158672664,4089.8185328185327,1552109.2647076384,288
277.0,535.2459807073955,7940.134243078533,6444.519292604502,2653052.562429128,135
278.0,792.5994897959183,22064.927509317906,7142.1670918367345,3255517.6259399354,136
279.0,667.6237942122186,25634.396083487376,8881.593247588424,9160568.563754654,137
280.0,521.0592020592021,6727.973294723295,6267.489060489061,1747362.848140482,240
281.0,549.6543367346939,7135.237963288763,5860.617346938776,1611216.0296348424,240
282.0,640.983418367347,12252.545063140198,4408.584183673469,1081995.2291748116,288
283.0,718.3263665594856,8640.084939755916,7114.1591639871385,1764659.7121461597,240
284.0,449.93247588424435,6626.121037016326,5413.250803858521,2032454.7743552304,240
285.0,470.2381562099872,6026.4765422371065,5154.924455825864,1307943.628901146,288
286.0,430.45571245186136,19670.420593932635,4927.8202824133505,4276726.288996835,138
287.0,818.9983922829582,9825.959739762131,8152.400321543409,2016043.6575200255,240
288.0,422.5176848874598,8158.501297047082,5625.733118971061,2600227.918997986,139
289.0,553.7093469910371,8380.101309957648,6321.227912932139,2196112.673630126,240
290.0,682.7060333761233,26757.955889001456,7014.1578947368425,4851317.351643891,140
291.0,839.9549549549549,49627.282762143586,8018.410553410554,6960882.742311162,141
292.0,706.5221932114882,30939.303428386153,5774.090078328982,3846459.5435092747,142
293.0,815.3754789272031,21981.413822500515,6257.765006385696,2768174.289975927,143
294.0,766.0243277848912,33065.31863816934,5770.280409731114,2855128.384090089,144
295.0,670.980694980695,13621.493183536997,5285.4311454311455,1748979.0600080935,240
296.0,754.8079385403329,25818.99896253981,6963.460947503201,3565337.8667421783,145
297.0,719.9305019305019,20659.124029773513,6992.070785070785,3794361.2411170374,146
298.0,691.2845659163987,15684.352064142991,8398.617363344052,3506443.759955678,147
299.0,686.467816091954,52465.58181685912,6271.987356321839,4693579.197768607,148
300.0,879.1741357234315,18602.3670737713,7082.016645326505,2360252.5804918087,357
301.0,596.1428571428571,8026.899106002555,5538.441326530612,1368065.087229911,288
302.0,323.3393085787452,4898.7860041367085,3742.2842509603074,1139077.898584983,288
303.0,674.0013054830288,18257.026142084334,6188.154046997389,3877840.820682947,149
304.0,1055.938775510204,33761.5160424323,7067.702806122449,3243293.685509357,150
305.0,507.4583866837388,12794.476791752848,5347.341869398208,2780380.2919498337,151
306.0,467.87942122186496,9409.371910775588,4368.86655948553,1164726.2156593192,288
307.0,307.8056265984655,8427.55756113056,2703.7365728900254,1066735.1084942578,288
308.0,938.48046875,34166.82882272653,9353.162760416666,7122455.711414535,316
309.0,591.0320924261874,12643.298454613554,6971.319640564827,4062962.837287274,152
310.0,706.3611738148984,47010.30104449631,8318.431151241535,9448936.1370624,137
311.0,789.1587708066581,19311.90040053843,6638.587708066581,2118147.473387176,240
312.0,538.6530089628682,10115.524314652484,5568.157490396927,2512578.225164976,447
313.0,707.0140664961637,23641.972913275986,7075.494884910486,4988985.922509014,153
314.0,571.2580231065468,15150.585009454478,5137.715019255455,2126840.908398811,240
315.0,449.57270408163265,10094.467248872728,4252.410714285715,1374077.4913793104,288
316.0,901.8382541720154,23074.90696661398,9855.62516046213,6291307.507129634,530
317.0,579.3183279742765,9548.929099937348,5379.4855305466235,1401920.8299030191,288
318.0,658.3822393822394,21194.30602436015,7523.0334620334625,4879530.511765447,154
319.0,843.6849489795918,25552.4868229859,7787.076530612245,3257662.6250423538,155
320.0,2063.123724489796,104338.11877231735,14834.461734693878,11631397.748214612,295
321.0,585.2586872586872,12436.099231779644,5954.528957528957,2125084.236595948,240
322.0,547.8670076726343,33176.952840970494,5021.1726342711,4169699.482323142,156
323.0,621.1424903722722,8769.75473466411,7365.359435173299,2458718.505601737,357
324.0,721.7346153846154,58100.333845166395,5687.985897435898,5673260.974126921,157
325.0,673.0603337612323,23946.139028680234,6484.645699614891,3004809.257343308,158
326.0,418.74197689345317,6886.950048014889,5008.903722721438,1574200.4135979488,240
327.0,930.6795366795367,25971.30309875413,7738.189189189189,3890976.658748955,159
328.0,520.3992297817715,13988.805706346875,4432.029525032092,1439676.8256053012,288
329.0,620.5211810012837,18849.416967240977,6912.716302952504,4155023.059515363,160
330.0,447.5545571245186,6743.057109668647,4166.6379974326055,1085438.6862664216,288
331.0,820.2053915275994,34302.340793516174,6160.85622593068,2930566.819919414,161
332.0,501.4974358974359,22126.72271485468,3728.5666666666666,1634399.9660248181,240
333.0,1267.109693877551,31926.672498501317,9773.190051020409,4022653.6688153227,162
334.0,562.1399229781772,7206.827440096888,5428.385109114249,1431892.301371807,288
335.0,2415.4424972617744,405732.22722709016,13478.036144578313,22276284.102858804,163
336.0,1960.3115384615385,93312.92849313715,13910.661538461538,10732495.73382048,254
337.0,383.93085787451986,4400.267008109262,5049.653008962868,1328617.7627761909,288
338.0,624.7311139564661,11713.604530680588,7217.95390524968,3177849.5671033193,164
339.0,681.1618037135279,11408.911367791434,5147.255968169761,1469174.3341276804,288
340.0,715.0382653061224,17169.127524956344,6485.642857142857,2879484.7560664113,165
341.0,750.1347881899871,15753.507515732714,5511.534017971759,1685007.1437641694,240
342.0,849.7342995169082,13581.29541841982,11104.138486312399,4305729.567887383,166
343.0,702.1591784338896,17416.558177216193,7199.365853658536,4069438.4148222455,167
344.0,1139.4107142857142,48978.02266922095,8481.108418367347,6501537.560388811,530
345.0,494.37781350482317,9554.332067353247,4559.585209003216,1370212.8808114699,288
346.0,619.6983311938383,13443.380601324618,6830.500641848524,2642902.12178622,168
347.0,386.68468468468467,5114.337303798644,4804.190476190476,1224078.850270005,288
348.0,735.5577889447236,15954.223584364778,8802.97487437186,5355961.0211797245,169
349.0,829.59,12304.362417739629,8159.215714285714,2174503.5971776005,240
350.0,529.4135723431498,9950.747969401491,7013.133162612035,3199948.6796808825,170
351.0,518.8241335044929,8830.481884691666,6046.867779204108,2428658.248562028,357
352.0,636.954081632653,9035.27502801887,6692.232142857143,1965138.0456577267,240
353.0,1442.9409799554567,60861.14812925043,5568.614699331849,1808698.9662050935,240
354.0,705.4518613607189,15076.481934191552,8390.581514762516,4041192.703822381,171
355.0,1101.6632653061224,39016.2772695285,9148.811224489797,5017199.006463888,172
356.0,435.8018018018018,5342.824068914275,5719.281853281854,1646759.7155594476,240
357.0,1018.1924083769634,36795.64445081073,7802.226439790576,5623365.622314438,173
358.0,1122.591784338896,32863.74317149071,10306.111681643133,6750976.495223261,174
359.0,611.9499358151476,8469.636307836492,6851.255455712452,1832887.3986687833,240
360.0,756.5408163265306,18440.65733573123,6935.459183673469,3109235.924257826,175
361.0,637.8230769230769,15593.627194628223,6266.883333333333,2852775.3098630724,176
362.0,1150.6184379001281,34098.73371089005,9376.65556978233,4402616.605574707,177
363.0,937.0854591836735,17227.319635037922,7134.2002551020405,2101855.879386908,240
364.0,569.1027308192457,18085.19906805375,4564.955786736021,2070646.896480142,240
365.0,587.2061191626409,9636.744543140616,5440.594202898551,1884905.2253856943,240
366.0,600.9282051282051,28417.337585991245,6196.76282051282,4879676.391683947,178
367.0,542.7895408163265,9768.7691880392,5254.238520408163,2275033.415576863,357
368.0,712.8803088803089,23666.27818134777,9686.268983268983,9956665.153070228,254
369.0,577.2855313700384,10067.750418595488,6856.559539052497,2174432.0801044027,240
370.0,635.6328626444159,11055.643957218897,7649.643132220795,3370087.6899624127,179
371.0,544.4110115236875,11211.23213500115,6889.756722151088,3560412.517663088,180
372.0,759.2991014120668,16813.747184281478,8786.206675224646,4781896.7837085975,181
373.0,316.5444015444015,3247.8772141065956,4530.5032175032175,1138504.7709303559,288
374.0,829.7359693877551,34277.359317577604,7009.673469387755,3207562.056715406,182
375.0,758.975641025641,57884.234322438366,9164.384615384615,13268703.82620717,31
376.0,949.9612403100775,33470.10716327206,8460.12015503876,5479037.803137881,183
377.0,969.4145408163265,34478.051435804206,7818.526785714285,4616431.858796297,184
378.0,970.1566110397946,52593.47672680353,6324.801026957638,3293130.0259115403,185
379.0,467.5395408163265,6939.5488815257895,3902.220663265306,1006447.2526503897,288
380.0,1380.4557124518615,53853.85504123341,14456.580231065469,11628681.632050846,295
381.0,965.1910256410256,56245.551395609094,9001.555128205127,6198031.600294592,262
382.0,651.2410256410257,19935.546453375464,7985.847435897436,6041408.3990306435,262
383.0,2205.4474358974358,60944.66860702413,17294.716666666667,7760756.044137783,187
384.0,998.8554987212276,67097.92403502626,8871.575447570332,8804238.126822783,137
385.0,654.5530546623794,16483.56481352036,7348.519292604502,4182690.4175015925,186
386.0,645.3966623876765,18509.733202213636,8029.541720154044,6147689.80898984,262
387.0,1197.3647058823528,53011.85765321836,9374.828758169935,7738562.183988638,187
388.0,1096.4454428754814,33701.29875491287,10257.920410783056,6286298.240444047,530
389.0,1265.4107142857142,40405.023946360154,10337.401785714286,5418668.166586845,188
390.0,1067.3897435897436,27479.136736776272,11568.65641025641,7256197.892064119,316
391.0,691.426336375489,36360.2266161948,5727.013037809648,3898830.814451203,189
392.0,718.0821566110397,28257.64362721966,7279.428754813864,5314372.520303204,190
393.0,587.2567394094993,11817.838884470566,5903.06675224647,2340172.9749728576,357
394.0,661.8719590268886,14049.827174234217,8353.245838668374,3930337.685639712,191
395.0,519.6546854942234,11448.216080203016,3989.1347881899874,1036616.3532740875,288
396.0,1077.9089743589743,97974.49876403014,10222.092307692308,11943249.460017774,295
397.0,750.2156611039794,22314.536978064953,5574.883183568678,2866022.0107579753,192
398.0,614.6160714285714,12180.093789910601,5496.522959183673,2243141.105474757,357
399.0,564.9823151125402,7237.547190766888,5558.84887459807,1570251.065691163,240
400.0,1200.6496163682864,63611.454538905135,8745.718670076727,7823243.846488371,187
401.0,646.4813384813385,40926.030901298946,7021.647361647361,6522148.048166355,500
402.0,615.4269230769231,17384.13714328034,5857.991025641026,2615119.826620256,193
403.0,736.6867779204108,21658.331071738536,7468.523748395379,3316086.0338183222,194
404.0,571.3109354413702,20514.52852141931,4785.223978919631,2077521.8838042002,240
405.0,487.70346598202826,14162.455656351991,4520.699614890886,2764487.9584959955,195
406.0,474.06418485237486,10705.782507400234,6111.059050064185,3024623.6648890707,196
407.0,314.65434083601286,3208.1331453780076,3886.744372990354,849583.8105560475,288
408.0,465.0617760617761,4710.841539625045,4727.774774774774,1212436.1051360639,288
409.0,543.6760563380282,6788.416720837848,5527.358514724712,1562555.9328408681,288
410.0,802.2079589216945,23382.226620378773,6443.878048780488,3837927.199761741,197
411.0,700.8476312419974,16204.552395022818,9133.364916773367,5346335.537177846,198
412.0,644.7154340836013,18276.661242886952,9102.122186495177,4582140.410167192,199
413.0,890.0192926045016,29949.072090964164,7058.2170418006435,2849035.178259834,200
414.0,484.14084507042253,7467.190393643915,6427.97695262484,2011415.8917758297,240
415.0,521.5879332477535,8202.286280941553,6240.9589216944805,1965695.5124492212,240
416.0,1398.3890306122448,39062.317171983734,11012.00637755102,5474911.007622111,201
417.0,804.002567394095,24052.894594942434,7633.281129653402,4304649.323178156,202
418.0,551.5528350515464,22979.486237113404,5275.851804123711,3384227.633493515,203
419.0,852.0612244897959,19207.945161206244,5311.158163265306,1736950.7310188443,240
420.0,403.1897106109325,4410.562985745427,4540.3408360128615,1146283.2717274805,288
421.0,1014.390306122449,58116.95602340553,9588.251275510203,7819801.575349585,187
422.0,464.5229591836735,4199.881975395522,4559.059948979592,815422.4574487841,288
423.0,1878.950980392157,100626.22769260376,10729.169934640522,4171005.626488764,204
424.0,773.421052631579,13944.632255445811,6925.756097560976,2633435.583108659,205
425.0,434.3814432989691,8654.773022946458,3237.659793814433,804941.6441104091,288
426.0,633.839537869063,15036.368820351714,5068.396662387677,2133345.6406572266,240
427.0,771.1816720257235,21736.86066193413,7640.5048231511255,5699809.136047553,206
428.0,526.5755627009646,7712.03212327384,6287.5048231511255,1818299.4870942521,240
429.0,429.4260450160772,6072.483249711337,5321.144694533762,1769548.2946497453,240
430.0,699.9131832797427,13422.040759898722,8632.471061093247,3404629.054716747,207
431.0,1002.4544287548139,21565.309938587143,9524.926829268292,3968909.1655903193,208
432.0,1554.7283163265306,82754.28496983084,10982.871173469388,5872571.637277804,262
433.0,619.3473684210526,29155.081769998767,5394.839766081871,3325511.099587767,209
434.0,741.6591639871383,17364.208925547944,9904.823151125402,4228790.989608089,210
435.0,384.1630295250321,7468.347423200927,3277.6919127086007,798210.030924229,288
436.0,616.6756756756756,16322.224575090553,5508.209781209781,2331645.0577392564,357
437.0,727.2844272844272,48021.52337831204,7368.7001287001285,5832906.931868539,454
438.0,524.2599742599742,13338.295728349853,5152.841698841698,2985260.8035166976,211
439.0,885.1364795918367,24270.789778650924,7294.942602040816,3859232.9226271925,212
440.0,588.9626769626769,12078.806594886491,5156.078507078507,1808774.925529727,240
441.0,699.6534017971759,13494.051951780511,6328.351732991014,2334351.202603034,357
442.0,461.33590733590734,8351.934701269753,4379.133848133848,1640306.6521646832,240
443.0,488.6924066924067,9930.300882989028,5249.258687258687,2307026.8234585836,357
444.0,1423.7118863049095,129194.0734161009,12191.249354005167,10765145.201648999,254
445.0,1356.8659793814434,114820.33040239442,8600.150773195875,4154677.661109079,213
446.0,635.0564826700898,31466.968527972385,4932.165596919127,2799311.379997426,214
447.0,619.391581632653,5428.629354327939,5307.622448979592,860368.025855553,288
448.0,741.9216944801027,26957.036276816565,8484.065468549423,5164276.3954512905,215
449.0,1534.93085787452,71938.19521323746,11253.74647887324,8334137.594618997,216
450.0,1089.900900900901,57096.82650691929,8790.513513513513,4659179.263025912,217
451.0,458.66325224071704,4027.895429922191,5439.3239436619715,1295923.721849043,288
452.0,478.32525510204084,14600.825108491672,5149.841836734694,2885784.631401986,218
453.0,917.6244292237443,108340.92049967384,7809.880136986301,8037576.889616439,216
454.0,706.5833333333334,56594.674689773216,5794.123076923077,5076701.330147131,219
455.0,463.23423423423424,8010.646094548156,7371.391248391248,3484341.6302325893,220
456.0,895.3196405648267,28182.523662595577,6190.5609756097565,2727054.344284908,221
457.0,432.6897106109325,7061.595997017568,4840.5530546623795,1618753.8514479809,240
458.0,702.6722151088348,18414.815496240848,7582.117797695262,3472599.6886700154,222
459.0,1130.2015306122448,69355.75499126854,9176.75,8454041.286079183,216
460.0,345.28076923076924,12254.661760639872,3736.0089743589742,2309889.7341940687,357
461.0,476.5289575289575,7924.648967081957,4838.66537966538,1575376.1198437023,240
462.0,606.2153846153847,27848.53634837563,4832.588461538461,2669591.834269774,223
463.0,969.4274711168164,52045.21163511324,6094.671373555841,2905424.403433972,224
464.0,1305.593112244898,79076.17267280475,10642.683673469388,6034715.953449579,262
465.0,604.6875800256082,12933.443294264422,7762.806658130602,4181483.3997504846,225
466.0,755.7637997432606,40238.19349505496,7712.365853658536,6413535.720734843,530
467.0,1613.6508344030808,70202.08872359594,13480.147625160462,8483334.789232785,216
468.0,754.5841836734694,57711.7476933302,6669.660714285715,5584854.929438058,226
469.0,1520.6301020408164,84065.46964187974,11901.456632653062,9279930.261207547,137
470.0,1774.9703608247423,107054.11395909544,13111.742268041236,9865843.933488527,254
471.0,590.2041800643087,8406.597534833869,7109.752411575562,2236709.033609312,357
472.0,692.9515306122449,8600.531491907108,5204.651785714285,1178975.810903576,288
473.0,486.5186136071887,13920.085450003464,3552.3016688061616,1248236.7610640496,288
474.0,736.806905370844,25398.87047722279,7526.818414322251,4785345.45482053,227
475.0,981.9342783505155,27360.409868639843,6473.81443298969,2310242.6597140008,357
476.0,649.5778635778636,38562.9916742958,5848.867438867439,4605080.2388482,228
477.0,449.887459807074,5771.835945549911,6213.688102893891,2123681.097410566,240
478.0,699.3928571428571,19794.486590038316,6806.948979591837,3573477.5018635807,229
479.0,1330.574358974359,67278.83015042296,11250.035897435897,9061184.414627563,137
480.0,623.4604591836735,25102.943517541116,4935.890306122449,2406649.1680285144,357
481.0,476.7144686299616,11039.186316031388,5155.379001280409,2517125.6459174627,447
482.0,921.5025641025641,43842.360712287285,8343.075641025642,5600840.144463645,230
483.0,650.0179487179487,51670.94447845693,4948.424358974359,4026755.1046690363,231
484.0,739.8635204081633,23202.028603682855,7717.669642857143,3774205.033764368,232
485.0,420.9871382636656,5368.534455887454,4871.011254019292,1213907.2543014844,288
486.0,520.0231065468549,14075.115146635162,4266.7432605905005,1828365.640941026,240
487.0,676.7742346938776,12639.95535062684,6999.2997448979595,2929456.4834737536,233
488.0,388.0012755102041,3736.0855666979437,3686.3188775510203,782484.0616610629,288
489.0,649.6294871794872,43246.30285211151,7306.367948717949,9450208.751474606,137
490.0,1063.7202572347267,14029.209862735657,8249.728295819936,1668567.5830627915,240
491.0,527.2921492921492,8095.908095503456,6746.462033462033,2939526.867435551,234
492.0,1156.0978792822186,37615.43158046253,7857.996737357259,4240482.607832476,235
493.0,808.2618741976894,19130.337503423743,8295.668806161746,4800755.80019536,236
494.0,1080.4139433551197,28764.716141248697,7667.953159041394,2834283.9727217434,237
495.0,394.9034749034749,5740.484227600207,5154.718146718146,2251813.2336006844,357
496.0,830.2525510204082,16747.328218260485,7728.900510204082,3697193.954329241,238
497.0,1116.3572343149808,31325.824784136053,9062.122919334188,3739517.702820184,239
498.0,884.5675241157556,7396.113790639514,6996.5337620578775,918962.8611771285,288
499.0,737.6782496782497,14935.460776313868,5155.988416988417,1484020.3078553516,288
500.0,395.55627009646304,4771.6192118303115,5354.036977491962,1309871.34645655,288
501.0,587.8102893890675,13550.495352895186,5378.180064308682,2003688.7469127174,240
502.0,1519.653746770026,59372.441402502416,10823.524547803618,6821296.141052512,241
503.0,470.5910256410256,10306.691318587275,6698.198717948718,3907174.1517313453,242
504.0,953.405612244898,17611.485332447155,6673.158163265306,2142988.3708655876,240
505.0,594.6113256113256,11437.402861255952,4776.280566280566,1540449.599016174,288
506.0,841.7021822849807,29826.58214176107,7581.344030808729,4752586.138560081,243
507.0,663.777920410783,12708.625424461523,8455.770218228497,4513108.673353551,244
508.0,662.5128865979382,19442.232091785834,6767.6997422680415,4089611.5290838047,245
509.0,518.3124199743918,12272.479191700319,6125.062740076824,3404099.5178535082,246
510.0,842.2002567394095,38039.867300705206,8196.739409499358,5348167.030977028,247
511.0,810.5982142857143,7476.536957215836,5662.320153061224,689632.6904745615,288
512.0,1286.2329149232914,38489.65098213382,5447.422594142259,1161336.0851312499,288
513.0,2096.3354591836733,82200.47608459093,18179.089285714286,10788600.99329502,254
514.0,603.9662379421222,10111.878085341037,5756.009646302251,2171558.4443512433,240
515.0,738.3080872913993,16937.493649164608,9058.152759948653,4092405.666865766,248
516.0,760.5481386392811,26191.53077737921,5879.084724005134,3291559.874560688,249
517.0,650.7744063324539,28576.344020452907,5966.14511873351,4433126.816429246,250
518.0,504.3762057877814,9462.895278334394,5866.673633440514,2985712.0495130247,251
519.0,559.0765306122449,12313.018401230223,5306.320153061224,2189447.7096316493,240
520.0,413.0573979591837,6124.074606758412,3869.7321428571427,930660.4594508301,288
521.0,426.4929396662388,6847.486775280417,5181.014120667523,1715668.4406743865,240
522.0,632.9887459807074,9760.552208086738,8222.942122186496,3129814.4539716565,252
523.0,1782.9119897959183,100169.24767215316,15530.605867346938,11318812.279965531,295
524.0,826.687356321839,62483.718021771616,7790.99540229885,7483676.041405764,187
525.0,875.5670498084291,11565.616662257105,10233.026819923372,2898666.25631302,253
526.0,1456.700767263427,93496.44043474986,10630.231457800512,10443805.66338814,254
527.0,1001.8677792041078,22655.976068455042,10752.908857509628,4642381.460834039,255
528.0,955.4492939666238,27128.643633819644,10704.444159178434,8380650.033831522,216
529.0,761.1926020408164,15750.656343667735,7823.783163265306,3577327.2300609895,256
530.0,748.0730337078652,113824.41423263104,4626.851685393259,3537966.6011501374,257
531.0,600.6071428571429,7595.007662835249,4901.934948979592,870867.3329277113,288
532.0,1278.9075738125803,33672.978592949235,10894.865211810013,3726005.2273100773,258
533.0,902.2316602316603,32302.48492417307,9659.648648648648,6749353.694692115,259
534.0,568.7443729903537,14870.425692923456,7520.48231511254,5154143.802424261,260
535.0,922.6136071887034,41882.661562678404,8115.771501925546,5224496.335896327,261
536.0,883.0346598202824,44708.329131342995,8323.613607188703,6032024.2399688475,262
537.0,604.2329472329473,10327.408294524274,5580.178893178893,1806514.3945023818,240
538.0,567.9247448979592,16564.92791819793,3859.0242346938776,1175300.0722088644,288
539.0,1142.2797427652733,14301.42242312213,11310.963022508038,2937014.631480705,263
540.0,391.3118971061093,8517.422692369428,5648.990353697749,3349500.882354464,264
541.0,857.0834403080873,30370.33878712079,6720.812580231065,3948865.2450343366,265
542.0,531.6398713826367,7647.522272447199,6246.641479099679,1968430.6490335576,240
543.0,240.18309859154928,5160.565149873601,2790.3802816901407,1531897.5693029976,288
544.0,1844.821106821107,157446.65481165997,14089.967824967825,17781320.273447968,266
545.0,1026.8177150192555,41203.943593229735,10635.256739409499,9146141.059964161,137
546.0,1621.279336734694,48636.13770786092,13681.53443877551,5511459.135466351,267
547.0,442.2475884244373,4666.492546509881,5752.490353697749,1382733.4838037395,288
548.0,400.921875,6069.730524771839,5073.0234375,2735938.3775464473,268
549.0,547.7130102040817,8453.990328602706,4642.716836734694,845879.0180558814,288
550.0,496.6491677336748,9322.54598969106,5973.627400768246,2121255.1443251586,240
551.0,987.7423469387755,25656.12254671984,6559.378826530612,2645154.419525569,269
552.0,689.8962868117798,34488.334101579174,7721.866837387965,9706923.443783447,137
553.0,638.7464607464608,28787.63537727713,7038.598455598456,4053742.274121323,270
554.0,546.015306122449,12465.001042562619,4481.014030612245,910883.137733925,288
555.0,479.2459807073955,8536.140684302363,5178.836012861736,1791481.6381212752,240
556.0,830.7241379310345,24697.11050357174,7178.753512132823,3429147.1476059356,271
557.0,676.0167095115681,19808.860724293885,4383.079691516709,1688329.1107582059,240
558.0,453.02933673469386,5215.211143365392,3241.5242346938776,518533.4298078427,288
559.0,750.2782051282052,59637.13816365491,5882.961538461538,5448081.174385306,272
560.0,1640.2771084337348,87987.75822862495,13612.859437751003,10809364.97083239,254
561.0,682.9152759948652,18681.699753490568,6913.826700898588,3267143.112602341,273
562.0,3107.37908496732,101779.29997647913,17958.62962962963,8400063.821236722,216
563.0,702.6237113402062,18673.424675756567,5513.492268041237,1749971.0321982042,240
564.0,488.6341463414634,6644.826133299893,5528.115532734275,1440329.1048869586,288
565.0,792.3170731707318,19465.928898363534,6636.4172015404365,3235740.9375443435,274
566.0,544.843112244898,10444.415967823912,4904.639030612245,1622528.7724721115,240
567.0,671.4197689345315,21252.60634390541,5241.504492939666,2584091.4045427693,275
568.0,413.90012804097313,5779.864371778456,4877.496798975672,1341453.445182048,288
569.0,652.8520408163265,17414.680506685432,4519.556122448979,888519.7439726848,288
570.0,661.790757381258,26879.89832063386,4535.404364569961,2387802.523939795,357
571.0,575.6382636655949,12578.398726770949,7742.750803858521,3451283.0698463735,276
572.0,571.5154639175257,9652.182986365147,6888.75,3034635.890967742,277
573.0,335.40514469453376,4536.634305212524,3974.773311897106,1203977.5089162278,288
574.0,666.5740025740025,12307.257725324736,8898.217503217504,4418069.899796335,278
575.0,492.85209003215436,27493.913675173848,5366.860128617363,6123921.270259565,262
576.0,965.0701530612245,35309.36033407616,6982.517857142857,3953859.4300766285,279
577.0,583.3762755102041,11221.73179913728,4953.4170918367345,1403204.5627215444,288
578.0,777.2022471910112,38131.176147925325,8209.74831460674,5253067.13568332,280
579.0,911.4017971758665,27601.82421270431,8294.347881899872,4739206.044632398,281
580.0,1602.7474489795918,84620.14558735372,10197.661989795919,5355124.121873941,282
581.0,587.6469833119384,27639.693985103833,5333.718870346598,4218665.84759975,283
582.0,863.7925736235595,31587.03640631669,7029.327784891165,3951846.933444959,284
583.0,449.08076923076925,10647.573699022414,4311.907692307693,1626142.4638688653,240
584.0,433.43405889884764,5057.163915427295,4734.89628681178,1262856.228973374,288
585.0,862.9987244897959,30822.75989619986,5675.156887755102,2547869.555175998,285
586.0,2361.4149484536083,238160.5037246425,15131.960051546392,12528043.51195045,295
587.0,686.1414790996785,18116.440498935957,9672.207395498392,5891018.493149728,262
588.0,661.1466836734694,12898.536566254856,6154.610969387755,2063691.7552307323,240
589.0,494.521164021164,25151.6300150671,4678.80291005291,4442718.852494831,286
590.0,391.5997425997426,5357.8537628202575,4984.169884169884,1450103.2881124865,288
591.0,498.72200772200773,8880.806641324683,5700.705276705276,1679003.8936963473,240
592.0,570.01026957638,18466.102722163738,4448.5109114249035,1640940.299045312,240
593.0,1231.766581632653,60228.64404142883,9507.956632653062,5501654.580492349,287
594.0,456.67602040816325,12564.57944978758,4155.866071428572,1301660.5324872285,288
595.0,1763.4132653061224,71983.69361691037,15019.109693877552,11358084.91515495,295
596.0,698.3864795918367,11407.711234589622,4505.818877551021,898727.4971655329,288
597.0,727.5250320924262,13227.666146367863,5080.224646983312,1189800.1127079409,288
598.0,728.6012861736334,10967.560578053239,5892.2926045016075,1124624.7999130124,288
599.0,875.5637755102041,24279.19899262387,9769.727040816326,4470649.562690593,289
600.0,619.2538265306123,11341.377379974978,6996.617346938776,3150703.3067740505,290
601.0,394.29065300896286,4376.096181752519,4875.769526248399,1356183.4109163138,288
602.0,614.1971830985915,11386.789274106175,6300.167733674776,2235733.4218293442,357
603.0,945.6348167539267,26875.175771788134,6933.314136125655,3640830.4909663564,291
604.0,591.7636655948553,12218.876423256754,7963.988745980708,3853604.3750744313,292
605.0,508.7722007722008,8054.065308681288,7032.113256113256,3435493.683032812,293
606.0,620.8214285714286,15687.163473818646,5839.210459183673,2123595.614654195,240
607.0,414.07544757033247,24951.20684839097,3901.910485933504,3532772.0329500837,294
608.0,942.5756410256411,77110.56038148842,9326.971794871795,11723593.03899806,295
609.0,504.6198979591837,12156.951123361223,4638.048469387755,1300210.322041077,288
610.0,520.3992297817715,14047.53321277361,4197.630295250321,1728933.6806234345,240
611.0,490.524115755627,3701.895552759526,5792.303858520901,930651.3100978092,288
612.0,424.1623794212219,7394.715941511203,6815.302250803858,3235738.1371607874,296
613.0,1000.8503836317135,30026.46542238785,6728.372122762148,2702160.3056495213,297
614.0,940.9626769626769,34509.88133715453,6588.6319176319175,2357128.7973304675,357
615.0,1240.1075544174137,40740.54995567812,9712.421254801537,5309467.923598936,298
616.0,830.421052631579,23112.156677039642,8487.512195121952,4440629.016239262,299
617.0,574.5019305019305,26578.023514309596,6356.262548262548,4589154.50056721,300
618.0,505.5672215108835,8007.922719064973,6830.578745198463,2569973.5210348335,301
619.0,428.88263665594855,13128.026461313824,4303.602893890676,2270646.6939046555,357
620.0,709.3585209003215,9539.550804894088,7773.766881028939,2124290.327210546,240
621.0,806.4967907573813,20184.491956268503,5916.224646983312,2043882.8453557556,240
622.0,430.0,7880.975734355045,4317.961734693878,1325906.7494917507,288
623.0,834.3825065274151,35025.06003344767,7146.077023498695,4550224.424124985,302
624.0,682.8831835686777,23499.532608875,7019.06675224647,4091009.584227356,303
625.0,616.8536585365854,15336.508119631324,6300.195121951219,3045095.4014671766,304
626.0,829.0373230373231,30119.878759834945,9374.396396396396,7223665.569471533,316
627.0,615.617157490397,12549.149397550806,5991.252240717029,2382869.732446896,357
628.0,762.9387755102041,27970.192926212632,6231.0829081632655,3677026.975237509,305
629.0,678.6382636655949,19449.873767028595,7652.739549839228,3643327.506935707,306
630.0,793.5763799743261,60689.32674214849,6935.852374839538,6849765.483320189,307
631.0,638.4413265306123,9082.670882529257,5400.307397959184,1500897.9807370265,288
632.0,903.6135204081633,15157.741885930618,7028.774234693878,1893975.0766788516,240
633.0,549.7797427652733,9897.788767727605,7207.2170418006435,2105269.8578089485,240
634.0,650.8378378378378,34476.764906659235,6709.911196911197,6304008.967619314,530
635.0,596.7166666666667,45363.20459991442,5909.244871794872,6613753.538163655,500
636.0,714.8633440514469,28578.955530184172,5927.869774919614,5454849.008779015,308
637.0,693.0643086816721,11416.153667717766,8707.263665594855,3549735.9690158493,309
638.0,507.7135922330097,6485.37488788532,6009.605177993528,1446744.663960179,288
639.0,485.98331193838254,14370.003577191774,4734.697047496791,2277243.6510324026,357
640.0,879.5083440308088,19767.70012308972,11533.978177150193,7018731.388983305,141
641.0,538.0641848523749,18543.89561794008,5764.295250320924,3654331.599090522,310
642.0,479.8818998716303,4901.597859624923,3652.7098844672655,618643.0056990869,288
643.0,1020.2436224489796,35855.538273451144,7994.431122448979,4424050.72832773,311
644.0,1029.5135135135135,36030.331458361914,9353.057432432432,7225743.739504733,316
645.0,1327.2921492921494,55536.76118828696,10730.2574002574,7552785.209432924,187
646.0,706.4083601286173,11199.704148997313,5025.926045016077,965934.2425089706,288
647.0,677.4910714285714,15495.890086206897,5774.5752551020405,2437986.229323051,357
648.0,609.8214285714286,9169.117496807152,6573.996173469388,2072729.5874693748,240
649.0,386.67820512820515,14553.57667456634,3683.7923076923075,2125228.1699022413,240
650.0,663.8247588424438,7054.6826066245185,6391.008038585209,1242279.2028338278,288
651.0,948.4197689345315,21906.937963442684,7615.865211810013,2515056.2941481234,285
652.0,681.0153452685422,22559.044578561814,6637.632992327366,4846812.463084249,312
653.0,500.17971758664953,9388.690025112943,5915.504492939666,2309675.7670106357,357
654.0,683.8198198198198,44978.28708089533,6469.893178893179,6026543.670275577,262
655.0,687.4467265725289,23449.705063178353,8031.711168164314,6212543.552715728,530
656.0,379.1664532650448,2765.2261039430055,3245.192061459667,476511.9348599757,288
657.0,766.1546391752578,31255.057346192218,6054.715206185567,4187340.2839491186,313
658.0,598.6264441591784,15636.218888496556,6058.83055198973,3254447.1383455815,314
659.0,685.0717029449423,25825.77433927575,5643.966709346991,2884467.7040185165,315
660.0,497.46945337620576,15888.529661214408,4616.599678456591,2463100.9972945824,357
661.0,589.85546875,7027.172043065515,7166.540364583333,2083858.3529969987,240
662.0,771.3456632653061,26681.028512458626,8439.524234693878,7172640.878083705,316
663.0,653.7896825396825,29020.007363607696,4792.556878306878,2623291.8947738186,317
664.0,602.4089743589743,15229.035349396003,4946.3564102564105,2315480.827879267,357
665.0,1262.4476067270375,71026.53513999021,8228.487710219923,6289667.60509488,530
666.0,654.8378378378378,20434.83707160769,7016.610038610039,4271363.596445488,318
667.0,793.330779054917,16954.85847599076,8786.501915708812,4958536.741364612,319
668.0,1156.7295918367347,26241.515547215055,8940.853316326531,3982051.5863746842,320
669.0,393.92122186495175,4677.100064205125,4514.2347266881025,977716.0124475098,288
670.0,700.5958132045089,12884.747659861825,6589.94847020934,2425434.56830814,357
671.0,593.8569131832797,8493.098655834641,5935.5,1841800.9589371982,240
672.0,1389.2625482625483,74333.57530947737,8836.76833976834,4458735.286470565,321
673.0,582.7335907335907,11726.443109899295,7126.018018018018,3583888.442973902,322
674.0,1015.48322147651,63090.26080681245,8204.347651006712,7337871.401825792,316
675.0,448.4287548138639,20298.34549600536,4282.114249037228,2496200.983074339,357
676.0,1678.6408529741864,112544.14053140645,7551.83950617284,4955051.3865723405,323
677.0,637.6736334405144,15528.352250544966,7938.98231511254,4099446.732375952,324
678.0,825.3196405648267,23429.058366965757,7299.937098844673,4428037.945909824,325
679.0,1061.4183673469388,29908.986941903197,9943.924744897959,4638790.562656384,326
680.0,791.0191326530612,24807.630540242917,5205.306122448979,1749260.008340501,240
681.0,489.57832898172325,13639.25071929555,3566.1566579634464,1321525.1937268556,288
682.0,1773.5479302832243,123579.37120072795,11310.151416122004,10356729.941061242,254
683.0,878.3022959183673,36576.50747875779,9147.085459183674,6582260.295369393,500
684.0,619.2106109324759,21628.64961347479,7721.36655948553,5299654.222905696,327
685.0,612.4531450577664,36751.168431612605,6630.550706033376,6916588.8492893465,141
686.0,752.989703989704,59095.11071859783,6245.0978120978125,6240749.374441083,530
687.0,734.3838254172016,12266.499018252258,8372.464698331194,3228305.349330596,328
688.0,364.1474358974359,12351.992355419505,3615.8333333333335,1933580.136499786,240
689.0,713.4519846350832,17996.63262746643,7046.112676056338,3631555.812928855,329
690.0,792.1514762516047,21106.766228537675,5589.987163029525,1911329.5936653344,240
691.0,621.3106546854942,13130.576891473149,8371.011553273427,4300304.286498741,330
692.0,797.0654685494223,40114.12809910537,6588.4172015404365,4846813.125205012,331
693.0,494.5339308578745,22296.49788568239,6607.938540332906,7881758.937243508,187
694.0,776.3183279742765,10926.28819816601,8047.522508038585,2449972.137173732,357
695.0,513.8793324775353,23513.923723975437,5393.123234916559,4579585.5657704985,332
696.0,995.5892857142857,28055.815772669222,7850.139030612245,3812970.4365844997,333
697.0,1004.6418485237484,23525.402410974453,10656.173299101412,6469048.978926248,530
698.0,1936.6122448979593,46809.522506320536,15564.119897959185,6283154.481136133,530
699.0,979.4928104575164,24415.93352154125,8331.00522875817,4107541.7591349278,334
700.0,527.8333333333334,23578.72450331126,4362.244708994709,2792958.3572567366,335
701.0,629.6479099678456,11907.719633305891,5778.974276527331,2912039.780335627,336
702.0,347.21864951768487,4609.8683794937115,4373.971061093248,1334278.7495637676,288
703.0,352.5571245186136,5798.660935679848,3290.5340179717587,915729.5036613416,288
704.0,1077.5478927203064,45385.178969338864,10393.865900383142,5971899.259487904,262
705.0,959.3324775353017,46597.132247195834,7967.267008985879,6124414.381056723,262
706.0,524.4324758842444,8854.693500784442,5743.2652733118975,1677442.9585022603,240
707.0,913.9537869062901,57112.72536803165,8319.731707317073,6399383.702990783,530
708.0,473.05409356725147,17029.436308254775,4564.102339181287,4174841.146173144,337
709.0,1297.7372448979593,149837.5017528084,9886.915816326531,10043901.436071362,254
710.0,373.1864951768489,5836.689801223004,4546.652733118971,1705903.7761519384,240
711.0,511.2025723472669,8467.095774370764,6912.09807073955,3435900.858321554,338
712.0,574.676848874598,11116.467063806433,6421.442122186495,2699511.7510731057,339
713.0,1313.7663671373555,59710.881078173516,10718.055198973043,7261962.679468437,316
714.0,331.1222651222651,4860.053330945083,4553.947232947233,1594222.1479852458,240
715.0,675.4033505154639,51391.39709843698,6491.095360824742,6557477.180571999,500
716.0,454.3086816720257,5611.733869756797,5717.081993569132,1563309.4731374043,288
717.0,559.421052631579,15507.917602489513,5552.894736842105,3551391.4336355026,340
718.0,855.2394366197183,20471.356699169373,7911.313700384123,3096519.010440264,341
719.0,456.7524115755627,8055.143110116967,5383.604501607717,1533579.701622215,288
720.0,717.4795918367347,11728.451690254646,7166.128826530612,2979785.9054770377,342
721.0,756.204081632653,10274.985117418615,7673.413265306122,2162965.9005134623,240
722.0,1583.0663265306123,51845.155237573956,9836.646683673469,4091882.5582776214,343
723.0,566.8386683738796,10989.04316950655,7032.10371318822,3181949.8674349124,344
724.0,699.1065468549423,15105.648016209563,6812.905006418485,2281831.0835096077,357
725.0,595.3571428571429,8003.297573435504,5747.4247448979595,1540584.3110599604,288
726.0,1064.0579150579151,86531.60617760617,11042.867438867439,15466139.125446137,362
727.0,452.8335467349552,9401.1978988148,4529.290653008963,1594623.2038740602,240
728.0,458.06048906048903,5491.27339821412,5245.70785070785,1259561.129744988,288
729.0,1082.3350449293966,37525.49042837202,10548.913992297817,7566877.919328386,187
730.0,984.2755102040817,33255.06575963719,8055.372448979592,3582384.6095081707,345
731.0,950.9175257731958,27511.763511805784,9249.2293814433,6362494.004090455,530
732.0,664.934633027523,55704.867134423155,5850.855504587156,5014853.71503281,346
733.0,3408.0547645125957,110120.0934887877,14888.744797371304,3210550.427124767,347
734.0,566.0513478818999,28553.881678772137,5980.523748395379,4603967.722764337,348
735.0,544.3371794871795,18577.05047727198,5518.541025641026,4280994.400111912,349
736.0,509.2829581993569,7021.868275937059,5244.075562700965,1648451.99589139,240
737.0,898.4120667522465,42739.0523477796,6117.901155327343,3833474.1663097176,350
738.0,701.7150192554557,11046.522794697572,8508.600770218229,3113079.2555778124,351
739.0,765.3038585209003,24254.669196037925,9557.665594855305,6990832.834853028,141
740.0,509.15108834827146,9113.869450737056,6978.176696542893,2985638.90463574,352
741.0,920.2308673469388,21342.678432963225,7619.468112244898,3328749.47024624,353
742.0,872.7766367137356,20634.914054997676,8025.888318356868,3932778.284426346,354
743.0,418.17374517374515,13286.18240257931,3814.2059202059204,1947502.8879545967,240
744.0,834.8115702479339,10779.99423676865,7457.067768595041,1754607.805002463,240
745.0,709.2702702702703,52586.87015881861,7493.731016731017,8852464.88502899,137
746.0,509.04993597951346,9818.629554483075,6039.549295774648,3156680.1760924524,355
747.0,701.3474358974358,18407.223164148647,8027.1461538461535,4956878.081307396,356
748.0,487.65725288831834,8902.117591929538,5737.6765083440305,2464840.1728536026,357
749.0,636.4313222079589,36609.772590923036,5189.860077021823,3835172.1436354695,358
750.0,402.8022508038585,5374.297386230071,4997.352090032155,1557731.3460423236,288
751.0,573.7432605905007,9086.11137804383,4216.215661103979,1159867.9148700957,288
752.0,459.3992297817715,15502.60262151397,5251.659820282413,3627438.916262693,359
753.0,764.3157894736842,17960.144364767963,8710.279845956355,5068172.875313086,360
754.0,965.5588235294117,53915.916509753704,8086.957800511509,6977302.25301846,141
755.0,895.4199743918053,19987.743908204473,10483.216389244559,5553353.713372074,361
756.0,2346.5725288831836,206547.10623665564,16574.816431322208,15308115.386567712,362
757.0,535.8558558558559,10303.154453422496,6219.787644787645,2666189.1417028224,363
758.0,636.8152454780362,19003.584191595546,4868.3669250646,1641574.2765760433,240
759.0,774.4480102695763,30400.820879711977,7010.137355584082,4934853.761314848,364
760.0,1227.2458172458173,18138.121197043878,7638.3642213642215,1038130.9509347344,288
761.0,994.9464285714286,33083.22062579821,8729.478316326531,4422925.166834454,365
762.0,390.1469816272966,7053.91003686957,3891.990813648294,1438429.302149403,288
763.0,586.2755102040817,8728.156436520969,6125.251275510204,1951377.8946343863,240
764.0,396.2685788787484,15854.671896541746,3538.9882659713167,1912441.4554757099,240
765.0,710.7142857142857,19108.23269513991,8506.867438867439,4281529.710497685,366
766.0,529.7025723472669,8699.230234918268,6123.943729903537,2091610.5459429093,240
767.0,615.297193877551,24382.518204120726,6023.40306122449,3523928.238355879,367
768.0,1345.4426020408164,50138.50500267157,12991.838010204081,11225561.096331157,295
769.0,3093.8225629791896,222269.51234123093,10796.92552026287,3297509.5843589674,368
770.0,733.2605905006418,32479.979563147008,6477.788189987163,4025637.4962099586,369
771.0,689.0225080385852,15949.77404973826,6722.011254019292,2346246.2623530147,357
772.0,488.1353767560664,6503.326918240227,3582.199233716475,684109.0753446806,288
773.0,791.8553137003842,19848.80852621557,5716.108834827145,1528622.2253192817,288
774.0,713.4158163265306,12495.69660776188,5493.743622448979,1254200.6940844345,288
775.0,621.0948553054662,9070.263129689174,8690.889067524116,3159964.0118287588,370
776.0,534.5682989690722,11924.606942135018,4804.806701030928,1762732.0916195544,240
777.0,350.8661518661519,4514.348040971752,3996.711711711712,1123718.7131745147,288
778.0,800.491961414791,17435.805893409135,5901.257234726688,1986895.5536915357,240
779.0,699.8481338481339,54136.31453581711,7125.171171171171,8405299.853394631,216
780.0,788.2316602316603,66632.36636747204,6542.2960102960105,6368006.564326845,530
781.0,672.9589743589744,33852.00858431256,4922.442307692308,3159237.435691715,371
782.0,513.2130937098844,7835.080496714858,5488.799743260591,1716195.8441644586,240
783.0,678.6675191815857,12065.295204849184,6860.185421994885,2495789.149953663,357
784.0,825.1668806161746,31246.010675475445,7751.309370988447,5270233.936300246,372
785.0,561.3915275994865,15414.09715177655,6511.518613607189,4056240.255115813,373
786.0,553.0205128205129,37310.21267239393,3563.674358974359,2110647.5934366873,240
787.0,1141.998712998713,47813.63788493944,10225.931788931788,6764559.89353713,374
788.0,1717.9017857142858,60440.25726372925,17961.914540816328,9926580.609545639,254
789.0,469.2097812097812,6086.629904204646,3380.011583011583,397244.5862058671,288
790.0,682.3597951344431,12607.261407137465,7453.021766965429,2670246.6854230277,375
791.0,810.3992297817715,26532.114189637367,7668.776636713736,4757065.597859625,376
792.0,691.7265725288831,22212.95213361009,7389.373555840822,5980402.648194409,262
793.0,457.8587933247754,12804.406770264428,4832.121951219512,3037264.2640290926,377
794.0,521.7722007722008,6090.797267444175,3083.093951093951,332574.4460587244,288
795.0,467.29910141206676,11099.90399662081,4553.673940949936,2258198.2457339345,357
796.0,667.7971758664955,23073.49094317083,7244.772785622593,4597673.754219865,378
797.0,414.4951768488746,6810.594984751283,4208.231511254019,1280391.714432173,288
798.0,900.2702702702703,84343.44490108665,7464.268983268983,8130804.593791877,216
799.0,898.6315789473684,18099.1173048302,9894.987163029526,4103095.992122918,379
800.0,499.31450577663674,9972.092475687306,5337.432605905006,1876727.0324059257,240
801.0,474.3813775510204,11513.104684689968,4845.2295918367345,2153462.7952407016,240
802.0,522.9910714285714,8106.320482120051,6841.0752551020405,2870646.1335376105,380
803.0,492.0949284785436,10807.87509143368,6047.678803641093,3406727.7990423166,381
804.0,440.39871382636653,5826.182156153077,4922.186495176848,1197481.1310250557,288
805.0,572.4292604501608,15547.243780128514,6084.228295819936,2971595.596750392,382
806.0,525.323151125402,11985.014567832197,6808.287781350482,3999050.485486535,383
807.0,982.1152368758003,14454.43285728356,9820.042253521127,2876951.637955941,384
808.0,601.096525096525,18288.42752656928,7286.444015444015,4125468.4172869483,385
809.0,802.2130937098844,29199.563787203293,9393.61489088575,9046627.411911653,137
810.0,488.8408215661104,5629.144295468121,5930.421052631579,1614945.3314842375,240
811.0,682.7704081632653,11795.293324992832,4132.038265306122,759993.9448940495,288
812.0,776.1660231660231,43544.221112128325,6363.221364221365,4318620.868460508,386
813.0,650.2406692406693,10108.0360758402,5810.714285714285,1345191.6991899852,288
814.0,695.2659846547315,24254.520710873003,8476.763427109974,6797045.635382863,387
815.0,815.4372990353697,33979.373679005446,8395.837620578779,5003825.85603813,388
816.0,742.6264441591784,20760.7201738436,5133.07702182285,1773339.2871191397,240
817.0,3130.5739795918366,356844.5896669013,21757.48341836735,21853791.688102733,163
818.0,635.2637644046094,17910.36623658032,6110.572343149808,3667257.986105913,389
819.0,539.954081632653,7347.0400344045665,6091.100765306122,1515493.6999227852,288
820.0,1089.5916398713825,21133.97468039828,12085.850482315112,4708125.489685757,390
821.0,851.1428571428571,26098.656449553,6937.491071428572,3444183.4507503193,391
822.0,636.6849489795918,18830.4868229859,7737.664540816327,5159687.132534144,392
823.0,570.0012755102041,12836.716473466782,5802.383928571428,2379732.74002235,357
824.0,862.8239795918367,44308.78379206088,6834.3125,4064810.066969987,393
825.0,537.0546623794212,6206.0871843463765,4562.921221864952,945951.6314651712,288
826.0,771.0863402061856,23154.404148653146,8839.186855670103,4311454.546975391,394
827.0,1663.441890166028,139530.3415677782,12771.665389527458,9224547.557969382,137
828.0,587.0653846153846,21500.048350943023,5199.946153846154,2858302.382205984,395
829.0,790.9206145966709,18825.27061295512,5920.669654289372,2103769.0368856494,240
830.0,526.2972972972973,21315.58289217052,6171.411840411841,4059757.4538802425,396
831.0,1576.961489088575,103628.07049443785,12689.002567394095,13087594.187654069,31
832.0,554.4417413572343,9742.103332348403,6550.293213828425,2428155.820325684,357
833.0,506.18228498074456,7211.617115080636,5511.350449293966,2138323.7394952993,240
834.0,639.4362244897959,20149.36757499935,5868.5420918367345,2819727.809209412,397
835.0,659.2685788787484,14873.930382181434,5188.126466753585,2405682.105395202,357
836.0,711.1904761904761,50478.414702994596,5903.078507078507,4668942.979653439,398
837.0,460.1531291611185,24107.127186861962,3473.721704394141,2238025.9797816244,357
838.0,817.7314578005115,16951.95340094508,7987.2723785166245,3719791.250939022,399
839.0,647.0625,26658.183828224777,5127.158163265306,2757971.0528579247,400
840.0,1055.8354591836735,47349.18489685147,7319.0204081632655,3688047.8105663722,401
841.0,412.07207207207205,15118.930365932942,2971.962676962677,1206226.940615505,288
842.0,1149.242765273312,32595.404738234673,18574.79581993569,14356411.479982499,31
843.0,1116.2448979591836,40052.82883728204,9468.706632653062,4883308.654566424,402
844.0,454.2284980744544,15054.369315350574,4178.712451861361,2168161.1151532354,240
845.0,357.9072164948454,3891.728154306618,4828.561855670103,1045441.85165281,288
846.0,864.620025673941,39023.685768122734,9224.637997432606,7757179.439479789,187
847.0,1010.7538659793814,35360.5677269704,7111.761597938144,3207762.5276072496,403
848.0,753.1743119266055,18060.026005923573,6630.602883355177,4036274.964138657,404
849.0,889.1390306122449,18353.90274031068,8155.218112244898,3166183.8208209528,405
850.0,653.0556994818653,15422.148644516576,6201.788860103627,3240652.6311079077,406
851.0,469.69614147909965,7624.414767696537,5453.463022508038,1452540.9897737803,288
852.0,583.9308578745198,18113.7285465708,4606.513444302177,1889516.8578318395,240
853.0,1020.2509652509652,29555.11605898977,9243.104247104247,4532738.59349998,407
854.0,680.5611325611326,19348.354827581632,6574.199485199485,2921910.708865714,408
855.0,614.3603603603603,15339.290076158633,5762.671814671815,2813309.6357122953,409
856.0,957.8864795918367,18356.13141338911,7142.380102040816,2154714.9766661455,240
857.0,922.9833546734956,30455.790748218915,7446.322663252241,3127578.852165206,410
858.0,418.0996784565916,4135.5745892684245,4755.604501607717,896660.7289974163,288
859.0,726.2524115755627,10291.792868571074,7503.749196141479,1860699.2960943608,240
860.0,732.0485933503836,18976.699300195498,5781.333759590792,2189657.538910047,240
861.0,509.5523560209424,9831.117831925507,3500.3494764397906,905352.1490036574,288
862.0,1118.1454081632653,48631.98138374124,8565.13392857143,4577027.439256066,411
863.0,926.7237442922375,81002.01045270711,7779.523972602739,7328843.360567515,316
864.0,587.967824967825,15046.618808794066,4268.436293436293,1202537.5916192334,288
865.0,637.160462130937,11979.29427022318,7566.584082156611,2867367.5157360137,412
866.0,486.00384122919337,8395.037164713222,6873.391805377721,3089613.2411635313,413
867.0,413.18527042577676,11275.904575416416,4364.993095512083,1873373.3087080335,240
868.0,652.1075544174136,10016.685853114022,9578.29961587708,3663519.7383203655,414
869.0,869.4813384813385,40873.136571402036,5967.93564993565,4209655.299977444,415
870.0,868.5608808290156,19335.8056272387,6929.204663212436,1857481.0138303665,240
871.0,479.62996158770807,11798.861613972882,6260.498079385403,2906773.6426245114,416
872.0,821.7252888318357,23886.93729024423,8536.406931964057,3776406.915170395,417
873.0,456.1981981981982,10222.852419429739,3831.4247104247106,971624.2111411854,288
874.0,509.76785714285717,6535.7187100894,4583.692602040816,1019961.7917204238,288
875.0,470.23106546854945,9388.571218786195,5061.662387676508,2200872.229059073,240
876.0,1016.9791122715404,144437.9446611717,9228.909921671018,16644135.718672674,266
877.0,873.4937965260546,24482.97325339457,6331.502481389578,2370424.2652112264,357
878.0,795.7294871794871,27190.35676738751,8720.084615384616,5815787.89527007,206
879.0,347.3263665594855,4132.777371317914,3762.983922829582,1029784.7759085802,288
880.0,790.2548262548263,16446.43240257931,7507.059202059202,2537630.9475215273,447
881.0,620.405648267009,26130.169428210313,4203.016688061617,2305720.090980791,357
882.0,843.4388020833334,26447.83718865439,6615.955729166667,2497065.291388255,357
883.0,502.61745827984595,13874.748075279427,4768.650834403081,1693071.8393662695,240
884.0,530.0691318327974,10453.623232417374,5536.90996784566,2148099.898483413,240
885.0,729.2448453608248,18916.85868307283,5458.6752577319585,1899467.7576321915,240
886.0,609.0012836970475,16582.78020400553,6442.724005134788,3002026.7656312394,418
887.0,577.8767833981842,15694.03804470497,6896.303501945526,4060162.54672798,419
888.0,743.4094387755102,13357.478378228687,7998.741071428572,3070709.6531768837,420
889.0,452.95384615384614,10604.575530759357,4144.4371794871795,1541010.8060613542,288
890.0,444.6768488745981,6876.048384257318,5729.583601286174,2408116.6105519054,357
891.0,1097.4600515463917,38835.10033754573,7976.407216494846,3724837.3797672098,421
892.0,779.7516087516087,57896.43177898075,7593.872586872587,7878149.871631573,187
893.0,827.8536977491962,15361.265195644408,6396.59003215434,1648204.3034753613,240
894.0,1034.7120622568093,47971.05984132599,8468.47989623865,6979192.48108882,141
895.0,881.7207207207207,12763.55463453144,9329.359073359074,3079796.008786769,422
896.0,1087.7448979591836,27182.277113144108,6937.665816326531,1970171.8243216826,240
897.0,345.61053984575835,7594.5109312397235,3492.9447300771208,3277771.9313042383,423
898.0,710.9194373401534,67552.09721453577,6615.434782608696,8262637.908033179,216
899.0,562.3809523809524,33425.42427589593,5266.225225225226,4572690.066476271,424
900.0,549.0257234726688,6400.917211633554,5844.512861736334,1390936.6302690918,288
901.0,638.7066326530612,16530.9712969479,7231.0420918367345,3774916.9777917876,425
902.0,628.9405144694534,4178.426407464363,4886.471061093248,857739.4089840575,288
903.0,817.7765273311898,16338.98540627864,11737.745980707396,4884949.912826009,426
904.0,513.9887459807074,7802.581193593986,6016.757234726688,1968354.818586866,240
905.0,1267.4505776636713,98768.95481650392,8530.25160462131,7043886.471318116,141
906.0,1270.8450704225352,41447.89263271939,10929.289372599233,7094027.316156144,316
907.0,829.3286264441592,21503.845593355138,6270.749679075738,1960292.725176632,240
908.0,363.07426376440463,9182.80986243803,4234.8271446863,2537850.6354673496,447
909.0,1020.0939044481055,33990.64958324498,10728.983525535421,10576086.56078425,254
910.0,573.5705128205128,13414.43532964682,5708.80641025641,2790032.320626378,427
911.0,909.420918367347,21704.785564417336,9884.908163265307,5037834.374697005,428
912.0,758.6454081632653,18462.982660880443,5765.9795918367345,1816987.460630229,240
913.0,1162.458762886598,50703.35313601597,8892.161082474227,6099160.486277021,262
914.0,1133.4285714285713,46141.4687100894,9506.707908163266,5627305.706399705,429
915.0,513.6816720257235,11797.512030694192,6338.1077170418,2523525.5455442164,447
916.0,704.5567010309278,10916.977426005986,5382.226804123711,1237943.7265580313,288
917.0,741.2862644415918,31830.495068161345,6702.944801026958,4016577.579211368,430
918.0,552.7155727155728,18813.984718518223,5184.254826254826,2668428.9504438164,431
919.0,676.6489533011272,23090.741083580073,5536.381642512078,2727982.817017298,432
920.0,581.6848874598071,7158.05835417411,5764.196141479099,1445155.1047837995,288
921.0,1094.2535392535392,107201.44981026681,9469.927927927927,8779961.548922634,137
922.0,713.4245161290322,12323.805341335334,7405.846451612903,2279939.2955138786,357
923.0,640.0956632653061,5529.764783212136,5315.344387755102,548815.2988701228,288
924.0,450.14505776636713,10551.70515227815,4752.883183568678,2052449.0750253275,240
925.0,1200.4361979166667,74614.92943115765,6702.427083333333,2803324.753476749,433
926.0,542.630295250321,11188.423554025825,7260.587933247753,4031562.4559467514,434
927.0,872.5369649805448,37765.607398049426,6562.111543450065,4296318.120009433,435
928.0,692.612323491656,22904.59758572555,8014.682926829269,6161691.815787824,262
929.0,711.1581632653061,13399.724633148278,5815.345663265306,1777160.0962008368,240
930.0,1170.7008985879334,49219.23561615808,7150.1578947368425,3053044.9171965905,436
931.0,444.2974537037037,21277.40736314965,3614.3761574074074,1469003.2917136066,288
932.0,730.8585209003215,20688.073349177503,7392.472668810289,3597003.09023409,437
933.0,905.2638352638353,55294.191899189325,7330.963963963964,5867910.792514163,262
934.0,679.6110397946085,18225.924350973994,6763.620025673941,3415307.2744570686,438
935.0,600.4260204081633,19672.832323350798,5650.705357142857,2809771.6793582374,439
936.0,891.3863928112966,18447.748966277377,7056.284980744545,2027539.4276790163,240
937.0,585.4865556978233,10820.8450113267,7232.900128040973,3591763.990012804,440
938.0,963.7079081632653,19545.039733038808,9408.114795918367,3698977.5985547476,441
939.0,576.5096277278562,10482.594701532185,5977.849807445443,2177259.850163845,240
940.0,742.9317889317889,22051.308485584257,7250.649935649935,3885921.6865753825,442
941.0,554.0948553054662,8268.253467853425,5030.638263665594,1607195.8061341785,240
942.0,470.41741357234315,8322.440927147969,6058.364916773367,2527309.2166650253,447
943.0,605.8241335044929,9106.908619910175,6969.183568677792,2194496.000963598,240
944.0,1229.5242346938776,62014.027508992105,7930.507653061224,4819810.5644368855,443
945.0,530.8864795918367,12555.623111984258,4374.955357142857,1220240.5893199234,288
946.0,532.6367137355584,11067.193046255992,4203.427471116816,1293817.558678815,288
947.0,1140.2970168612192,35730.468809271144,8392.398184176394,3062341.377607088,444
948.0,1704.2837988826816,86027.30415557472,6817.141899441341,2744241.878052316,445
949.0,496.9119897959184,11401.824939075246,5350.006377551021,3395048.0191163635,446
950.0,562.3135483870968,12561.35763274152,5742.317419354838,2552634.694980412,447
951.0,718.8331193838254,14631.072372133543,7776.97946084724,3756734.2566470094,448
952.0,530.2202572347267,6915.234822478007,6568.048231511254,1652470.3809227934,240
953.0,542.5946291560102,24562.13892118112,5323.455242966752,3567202.7835256127,449
954.0,905.397946084724,33272.82858189426,6966.048780487805,4174838.462913035,450
955.0,456.7021822849807,8850.65669188961,4719.5494223363285,1904730.2118859126,240
956.0,496.2860824742268,17048.514180246093,3855.9123711340208,2247548.4336015964,357
957.0,850.6683673469388,41616.94735058775,7898.885204081633,6297828.359729716,530
958.0,562.7321428571429,11874.536079182632,4244.432397959184,945179.7757561837,288
959.0,744.5956632653061,27684.78266316105,7051.434948979592,3728628.7646007636,451
960.0,553.0614596670935,10243.942371712794,6723.600512163893,3176637.678666404,452
961.0,688.8356867779204,11754.805871346496,6521.935815147625,2137510.702815884,240
962.0,908.748041775457,40811.111597467534,6690.6148825065275,4562093.884170379,453
963.0,1015.3131443298969,131899.42052377787,10754.512886597939,20368292.29402727,483
964.0,1395.30310880829,56830.47350523847,9759.972797927461,5701470.231425106,454
965.0,905.4852752880922,33935.11420598181,8484.763124199744,6241676.386125611,530
966.0,610.2567394094993,12672.486699380592,4818.078305519897,1113987.5015724464,288
967.0,923.3247753530167,39949.39181469883,8641.172015404365,4960724.656747989,455
968.0,875.8404118404119,32930.26315859306,7189.7425997426,3246849.7274741605,456
969.0,599.1337748344371,13882.01788957788,3503.4662251655627,895160.291629631,288
970.0,400.16901408450707,15633.317551462622,3295.742637644046,1405501.7323976492,288
971.0,986.6049222797927,30332.937096362304,8280.81865284974,5664861.059158754,457
972.0,387.8034188034188,16087.30794835217,3422.545584045584,2156626.0228834674,240
973.0,789.8729139922979,27309.805165148122,6440.985879332477,3768848.9702373683,458
974.0,1561.4212218649518,44675.26512056583,11540.95498392283,4714190.36834066,459
975.0,743.8331193838254,21687.815302724804,7715.736842105263,4126263.8445406575,460
976.0,717.7394094993582,26894.645372915646,6974.965340179718,4682763.689028515,461
977.0,510.475884244373,15654.04692151959,4772.813504823152,3359755.304938099,462
978.0,971.6100386100386,33604.52943517892,7212.526383526383,3888717.0614808477,463
979.0,636.3823529411765,12460.011109437373,6264.460358056266,3447060.4510513437,464
980.0,554.7676508344031,13888.337975322656,7019.6161745827985,3857068.0388640105,465
981.0,754.225641025641,20461.494592014744,7308.912820512821,3997103.6303874133,466
982.0,691.5109395109395,22927.57752192546,8055.199485199485,5643450.399587363,467
983.0,1383.5051813471503,116532.7768862187,10286.369170984455,10206868.116454305,254
984.0,740.3492268041238,22902.196592949782,6067.219072164949,3357732.713235783,468
985.0,774.7541827541828,19005.755217662434,8387.258687258687,5078258.364695697,469
986.0,829.1608300907911,54507.47280138798,6228.320363164721,4535964.721909478,470
987.0,867.4655612244898,37955.19676903328,6847.355867346939,4237767.705891456,471
988.0,722.5076530612245,15016.962904318814,4698.071428571428,978552.4827586206,288
989.0,573.5450160771704,14064.654169967536,5242.463022508038,1858948.0622375486,240
990.0,573.3256113256114,11904.490490121932,6406.855855855856,2963922.2987833195,472
991.0,536.7509627727857,10076.42119123126,5756.765083440308,1798374.670964357,240
992.0,701.1424903722722,24323.18146988262,5715.991014120667,2322337.595034831,357
993.0,752.6512226512226,25612.742888322788,7614.693693693694,4671493.849354509,473
994.0,442.01155327342747,14643.206807224344,4539.516046213093,3006289.190937561,474
995.0,788.047619047619,16994.682007854688,9259.87516087516,4562888.382590986,475
996.0,696.5667539267016,26521.367753014078,6506.142670157068,5075578.054323661,476
997.0,412.3226632522407,6981.529088282609,5157.918053777209,2507946.783019797,357
998.0,534.2767052767052,5258.607613873078,4316.940797940798,762610.437212249,288
999.0,659.984555984556,28744.43532818533,9175.135135135135,9701995.449498467,137
1000.0,681.1495176848874,9980.938961119655,7452.612540192926,2231863.835140397,240
1001.0,621.002557544757,21307.14980138913,5420.721227621483,3275361.842801052,477
1002.0,717.3686224489796,13155.683867320875,6063.507653061224,1956973.7470677926,240
1003.0,773.1065468549423,43215.362669165865,7382.803594351733,6782789.561632308,478
1004.0,451.9003215434084,6879.097938704817,5165.445337620578,2132256.611338936,240
1005.0,936.6919127086007,19585.246862532218,6205.9807445442875,1734938.273407671,240
1006.0,866.2525641025641,24117.39055824364,6371.961538461538,2666291.2231657947,479
1007.0,816.1454081632653,25382.752775822973,6996.2040816326535,3537974.1089999215,480
1008.0,716.6517857142857,13758.464798850575,5331.103316326531,1921037.1527859226,240
1009.0,458.1495176848875,7563.186948237208,4772.184887459807,1084826.0768726927,288
1010.0,807.4706632653061,26623.930172739594,8874.156887755102,5699214.303579574,481
1011.0,943.3273427471116,30869.43384010217,7878.237483953787,4242128.119621425,482
1012.0,517.0128617363345,7142.850075855248,6049.710610932476,1678966.7051690305,240
1013.0,443.1412066752246,13216.874636588336,3993.560975609756,1756811.4522540597,240
1014.0,1349.6469833119384,187651.6425712221,12206.806161745828,20898713.935386147,483
1015.0,492.4749679075738,7408.116017833159,6040.029525032092,2292814.825605301,357
1016.0,500.19255455712454,14555.176242694642,5409.414634146341,3688967.564361402,484
1017.0,1018.1884816753927,34249.91462469036,7220.667539267016,2815399.7215661523,485
1018.0,1359.4782608695652,55093.420141401766,11748.342710997442,8087473.045010823,216
1019.0,753.508038585209,19994.298647032323,9068.774919614149,6942586.90899959,141
1020.0,1109.910371318822,31312.866315374766,9032.451984635083,3320346.694165928,486
1021.0,1062.009090909091,16053.743740394844,8877.748051948052,2158439.6399506866,240
1022.0,823.0231065468549,23194.90177902591,7325.00513478819,4548331.642647122,487
1023.0,630.1016731016731,19912.88269049609,6149.2316602316605,3349472.935955101,488
1024.0,785.4336734693877,14153.224203091198,6135.470663265306,1914287.0872608623,240
1025.0,866.6997422680413,12836.556180578651,7425.501288659794,1804518.8025789824,240
1026.0,1180.2888318356868,55755.205672026954,9495.616174582798,7580001.205959126,187
1027.0,1657.4212218649518,89327.73532990561,13101.26688102894,14115665.06553583,31
1028.0,546.5802310654685,20107.8531305378,4732.635430038511,3174034.273087572,489
1029.0,757.7217948717948,66549.40517264079,5416.497435897436,3935402.979454264,490
1030.0,331.9179487179487,12091.844350087225,3610.6705128205126,2045795.2507340116,240
1031.0,417.96919127086005,8676.564602301416,4843.85622593068,2235617.660536381,357
1032.0,964.276923076923,68807.29933840228,9195.198717948719,8625654.249292322,216
1033.0,1299.2308673469388,56131.33232823781,13865.140306122448,10826308.756789688,254
1034.0,728.030888030888,64570.648529236154,6500.0990990990995,7212294.607434754,316
1035.0,577.042471042471,35028.816492855156,4872.785070785071,3671945.8828696148,491
1036.0,471.594351732991,6311.269685279724,4986.202824133505,1231566.470377618,288
1037.0,874.1296534017972,28157.69653599797,6909.471116816431,3086033.25205672,492
1038.0,513.4372990353697,7787.969492209951,5897.262057877813,1911718.5801683832,240
1039.0,1040.0832249674902,51109.000877086044,8202.703511053316,5100606.518750678,493
1040.0,866.1540436456996,26794.53922205979,8697.509627727855,5937689.453313357,262
1041.0,655.9726688102894,6213.208591577737,6111.715434083601,1126311.9430464297,288
1042.0,546.8575096277278,12405.099207671821,4131.250320924262,1450364.930832159,288
1043.0,1206.9807692307693,64968.55547052434,8792.828205128206,5557417.166854284,494
1044.0,894.7554697554698,24676.03548872879,6622.019305019305,2712498.2277196194,495
1045.0,919.5355504587156,72015.56475078735,7585.394495412844,6176718.528465646,262
1046.0,684.0641025641025,19964.15763141437,8698.353846153846,6441154.226365163,530
1047.0,525.6469072164948,11571.268713002994,4885.469072164949,2121847.20162288,240
1048.0,531.5823754789272,10790.504394861393,6887.168582375479,3987369.8973748423,496
1049.0,636.2572347266881,9645.73082519119,3985.379421221865,757309.2310090042,288
1050.0,517.7234314980794,9452.267001543058,7389.514724711908,3675637.1680521355,497
1051.0,1006.3446475195823,35464.424853666445,7490.758485639687,4216744.949437704,498
1052.0,756.0770218228498,21969.56218340698,7269.395378690629,3803711.4141688477,499
1053.0,1009.7729591836735,36064.737658665,8932.307397959185,6637592.356215953,500
1054.0,616.9757653061224,19050.613715888652,6034.232142857143,3231135.12100894,501
1055.0,990.4061302681993,27334.668606873034,7914.593869731801,3673365.336126054,502
1056.0,369.9372990353698,6904.132938264701,3878.299035369775,1307884.5674386816,288
1057.0,640.4119897959183,10448.13783818125,6423.996173469388,1972807.7126290172,240
1058.0,700.9101412066752,25969.624305764097,7263.338896020539,4400449.370863047,503
1059.0,1153.751275510204,28089.540866825657,8424.552295918367,3361184.1275298432,504
1060.0,848.1065468549423,20371.786833690283,7327.31322207959,3568385.557292818,505
1061.0,554.7310167310168,10929.312864042246,7378.339768339768,3188773.142140668,506
1062.0,592.428754813864,12244.723388036207,6405.9807445442875,3294252.476492504,507
1063.0,530.9451530612245,8355.666208916517,4271.286989795918,1238500.3198305184,288
1064.0,1067.8587933247754,31431.52245149836,9455.578947368422,4244413.33919632,508
1065.0,485.2636655948553,9749.118774303453,4198.162379421222,1201853.4792265354,288
1066.0,1125.9268292682927,24290.396952787007,11073.919127086008,3701796.732525715,509
1067.0,490.37299035369773,6201.145678321968,5756.186495176848,1573787.269511368,240
1068.0,309.5444015444015,3791.3926780241213,4441.53667953668,1272960.653614218,288
1069.0,794.7020460358057,50790.34772948315,6305.269820971867,4977149.6466936935,510
1070.0,867.952806122449,26683.83301893554,7034.711734693878,3220949.038125212,511
1071.0,728.6198979591836,15431.147802799282,6027.225765306122,1843543.380637983,240
1072.0,642.0731707317074,21998.242711141764,6821.911424903723,3892498.929162363,512
1073.0,918.2631578947369,21070.055337572725,7276.792041078305,3270055.658496985,513
1074.0,555.3230373230373,11414.023089731854,5140.997425997426,2118970.1237047063,240
1075.0,1092.7602040816328,12273.824927672218,11485.389030612245,2488484.2533150236,357
1076.0,545.4492939666238,12051.91355669882,3620.02567394095,1040350.5134788189,288
1077.0,495.93966623876764,10860.43979988846,4489.767650834403,1665216.224864783,240
1078.0,523.6293436293437,12289.295426501612,6808.079794079794,4729905.607026762,514
1079.0,689.3265044814341,22326.9432581503,8685.312419974392,6735996.984319906,515
1080.0,841.5305466237942,11304.487793259497,10190.765273311898,3260833.8900642567,516
1081.0,943.5060893098782,83794.43458346627,5964.389715832206,4655183.7747450415,517
1082.0,1034.2046332046332,46668.52637025833,7039.680823680824,3942979.2433560216,518
1083.0,360.65044814340587,4295.399451721987,5146.368758002561,1527498.0894842246,288
1084.0,808.5428937259924,12096.238221872025,6276.5761843790015,1507297.8445090123,288
1085.0,760.3201530612245,22457.661100359684,7567.2334183673465,3779142.186825592,519
1086.0,839.134443021767,56686.611389080404,7677.409731113957,9371866.403700056,137
1087.0,615.4808673469388,8391.266555568587,6282.202806122449,1877903.6586894337,240
1088.0,485.14762516046216,13651.241674944147,5084.703465982028,2559161.604756609,520
1089.0,1002.5750962772786,28454.285805742646,10160.761232349165,5196725.583019559,521
1090.0,785.3050193050193,57253.19679178442,6449.187902187902,5611592.255884382,522
1091.0,697.1913265306123,16176.967178825553,8276.345663265307,4812000.538091002,523
1092.0,1165.022508038585,16779.89321237916,11960.538585209004,3539062.467912971,524
1093.0,869.1467181467182,23896.071229550613,8335.4555984556,3771055.498348127,525
1094.0,373.84244372990355,4632.5033164018205,4574.715434083601,1044837.1185697791,288
1095.0,677.8324808184143,20210.500710611028,4781.415601023018,1834939.6516384988,240
1096.0,633.0629011553274,14009.218403397672,5456.523748395379,2449991.7561833607,357
1097.0,2414.4337349397592,101925.13622912703,9639.07447973713,3110030.4089203705,526
1098.0,708.998712998713,35135.86468906314,5257.788931788932,2799782.823949502,527
1099.0,982.9602272727273,46251.062125090495,7785.561363636363,4458834.276093702,528
1100.0,669.0507152145643,28888.108101701346,5419.211963589077,4092127.4927733527,529
1101.0,988.4502551020408,25491.19292458363,9972.266581632653,6371698.979929041,530
1102.0,706.4774919614148,9251.712052958872,6999.988745980708,1605681.7695993911,240
1103.0,385.66453265044817,6922.695009685151,5019.544174135724,2100915.6432384513,240
1104.0,431.2138263665595,5486.313302887677,5461.434083601286,1635060.0367108337,240
1105.0,510.0359435173299,16188.44086578601,4564.572528883184,2495103.4532803576,357
1106.0,557.6135204081633,15250.76870585399,4894.095663265306,1928910.0687423437,240
1107.0,668.5627009646303,15519.531488989338,6231.871382636656,4065382.614670871,531
1108.0,589.8803088803089,42289.38642877045,5742.088803088803,5979240.508856427,262
1109.0,452.3376205787781,8421.257809466115,4927.204180064308,1945814.7682272654,240
1110.0,540.176245210728,14144.083987418055,4531.910600255428,2053964.7618184374,240
1111.0,451.7111681643132,13787.005157888138,5251.702182284981,2780966.5924245375,532
1112.0,838.6084724005135,36497.696123498914,10236.577663671373,11121703.326544149,295
1113.0,717.0293367346939,15511.405268525034,6627.859693877551,2121361.0862916047,240
1114.0,3200.9464285714284,195244.87835249043,20666.5625,11922784.979485951,295
1115.0,432.62996158770807,8595.333408844677,6302.469910371319,2986543.057106274,533
