Store,Assortment,CompetitionDistance,CompetitionOpenSinceMonth,CompetitionOpenSinceYear,Promo2,Promo2SinceWeek,Promo2SinceYear,isTypeA,isTypeB,isTypeC,isTypeD,Promo2Month1,Promo2Month2,Promo2Month3,Promo2Month4
1,1,1270.0,9.0,2008.0,0,0.0,0.0,0,0,1,0,0,0,0,0
2,1,570.0,11.0,2007.0,1,13.0,2010.0,1,0,0,0,1,4,7,10
3,1,14130.0,12.0,2006.0,1,14.0,2011.0,1,0,0,0,1,4,7,10
4,3,620.0,9.0,2009.0,0,0.0,0.0,0,0,1,0,0,0,0,0
5,1,29910.0,4.0,2015.0,0,0.0,0.0,1,0,0,0,0,0,0,0
6,1,310.0,12.0,2013.0,0,0.0,0.0,1,0,0,0,0,0,0,0
7,3,24000.0,4.0,2013.0,0,0.0,0.0,1,0,0,0,0,0,0,0
8,1,7520.0,10.0,2014.0,0,0.0,0.0,1,0,0,0,0,0,0,0
9,3,2030.0,8.0,2000.0,0,0.0,0.0,1,0,0,0,0,0,0,0
10,1,3160.0,9.0,2009.0,0,0.0,0.0,1,0,0,0,0,0,0,0
11,3,960.0,11.0,2011.0,1,1.0,2012.0,1,0,0,0,1,4,7,10
12,3,1070.0,0.0,0.0,1,13.0,2010.0,1,0,0,0,1,4,7,10
13,1,310.0,0.0,0.0,1,45.0,2009.0,0,0,0,1,2,5,8,11
14,1,1300.0,3.0,2014.0,1,40.0,2011.0,1,0,0,0,1,4,7,10
15,3,4110.0,3.0,2010.0,1,14.0,2011.0,0,0,0,1,1,4,7,10
16,3,3270.0,0.0,0.0,0,0.0,0.0,1,0,0,0,0,0,0,0
17,1,50.0,12.0,2005.0,1,26.0,2010.0,1,0,0,0,1,4,7,10
18,3,13840.0,6.0,2010.0,1,14.0,2012.0,0,0,0,1,1,4,7,10
19,3,3240.0,0.0,0.0,1,22.0,2011.0,1,0,0,0,3,6,9,12
20,1,2340.0,5.0,2009.0,1,40.0,2014.0,0,0,0,1,1,4,7,10
21,3,550.0,10.0,1999.0,1,45.0,2009.0,0,0,1,0,1,4,7,10
22,1,1040.0,0.0,0.0,1,22.0,2012.0,1,0,0,0,1,4,7,10
23,1,4060.0,8.0,2005.0,0,0.0,0.0,0,0,0,1,0,0,0,0
24,3,4590.0,3.0,2000.0,1,40.0,2011.0,1,0,0,0,1,4,7,10
25,1,430.0,4.0,2003.0,0,0.0,0.0,0,0,1,0,0,0,0,0
26,1,2300.0,0.0,0.0,0,0.0,0.0,0,0,0,1,0,0,0,0
27,1,60.0,1.0,2005.0,1,5.0,2011.0,1,0,0,0,1,4,7,10
28,1,1200.0,10.0,2014.0,1,6.0,2015.0,1,0,0,0,3,6,9,12
29,3,2170.0,0.0,0.0,0,0.0,0.0,0,0,0,1,0,0,0,0
30,1,40.0,2.0,2014.0,1,10.0,2014.0,1,0,0,0,3,6,9,12
31,3,9800.0,7.0,2012.0,0,0.0,0.0,0,0,0,1,0,0,0,0
32,1,2910.0,0.0,0.0,1,45.0,2009.0,1,0,0,0,2,5,8,11
33,3,1320.0,5.0,2013.0,0,0.0,0.0,1,0,0,0,0,0,0,0
34,1,2240.0,9.0,2009.0,0,0.0,0.0,0,0,1,0,0,0,0,0
35,3,7660.0,10.0,2000.0,1,1.0,2012.0,0,0,0,1,1,4,7,10
36,3,540.0,6.0,2003.0,1,40.0,2014.0,1,0,0,0,1,4,7,10
37,1,4230.0,12.0,2014.0,0,0.0,0.0,0,0,1,0,0,0,0,0
38,1,1090.0,4.0,2007.0,0,0.0,0.0,0,0,0,1,0,0,0,0
39,1,260.0,10.0,2006.0,1,31.0,2013.0,1,0,0,0,2,5,8,11
40,1,180.0,0.0,0.0,1,45.0,2009.0,1,0,0,0,2,5,8,11
41,3,1180.0,0.0,0.0,1,31.0,2013.0,0,0,0,1,1,4,7,10
42,3,290.0,0.0,0.0,1,40.0,2011.0,1,0,0,0,1,4,7,10
43,1,4880.0,0.0,0.0,1,37.0,2009.0,0,0,0,1,1,4,7,10
44,1,540.0,6.0,2011.0,0,0.0,0.0,1,0,0,0,0,0,0,0
45,1,9710.0,2.0,2014.0,0,0.0,0.0,0,0,0,1,0,0,0,0
46,1,1200.0,9.0,2005.0,1,14.0,2011.0,0,0,1,0,1,4,7,10
47,3,270.0,4.0,2013.0,1,14.0,2013.0,1,0,0,0,1,4,7,10
48,1,1060.0,5.0,2012.0,0,0.0,0.0,1,0,0,0,0,0,0,0
49,3,18010.0,9.0,2007.0,0,0.0,0.0,0,0,0,1,0,0,0,0
50,1,6260.0,11.0,2009.0,0,0.0,0.0,0,0,0,1,0,0,0,0
51,3,10570.0,7.0,2013.0,1,9.0,2011.0,1,0,0,0,1,4,7,10
52,3,450.0,4.0,2014.0,1,39.0,2010.0,0,0,0,1,1,4,7,10
53,3,30360.0,9.0,2013.0,0,0.0,0.0,1,0,0,0,0,0,0,0
54,3,7170.0,8.0,2014.0,1,5.0,2013.0,0,0,0,1,2,5,8,11
55,1,720.0,11.0,2004.0,0,0.0,0.0,1,0,0,0,0,0,0,0
56,3,6620.0,3.0,2012.0,1,10.0,2014.0,0,0,0,1,3,6,9,12
57,3,420.0,6.0,2014.0,0,0.0,0.0,0,0,0,1,0,0,0,0
58,3,7340.0,5.0,2008.0,1,27.0,2012.0,1,0,0,0,1,4,7,10
59,3,2840.0,6.0,2007.0,1,14.0,2011.0,1,0,0,0,1,4,7,10
60,3,5540.0,10.0,2009.0,0,0.0,0.0,0,0,0,1,0,0,0,0
61,3,350.0,12.0,2007.0,1,1.0,2012.0,1,0,0,0,1,4,7,10
62,1,2050.0,0.0,0.0,0,0.0,0.0,1,0,0,0,0,0,0,0
63,3,3700.0,6.0,2010.0,1,18.0,2010.0,0,0,1,0,2,5,8,11
64,3,22560.0,0.0,0.0,1,14.0,2013.0,0,0,0,1,1,4,7,10
65,3,13840.0,5.0,2010.0,1,1.0,2012.0,1,0,0,0,1,4,7,10
66,1,7660.0,0.0,0.0,1,37.0,2009.0,0,0,0,1,1,4,7,10
67,3,410.0,2.0,2006.0,0,0.0,0.0,1,0,0,0,0,0,0,0
68,3,250.0,0.0,0.0,1,35.0,2012.0,1,0,0,0,3,6,9,12
69,3,1130.0,0.0,0.0,1,40.0,2011.0,0,0,1,0,1,4,7,10
70,3,4840.0,0.0,0.0,0,0.0,0.0,0,0,1,0,0,0,0,0
71,1,17500.0,8.0,2008.0,1,37.0,2009.0,1,0,0,0,3,6,9,12
72,1,2200.0,12.0,2009.0,1,13.0,2010.0,1,0,0,0,1,4,7,10
73,3,1650.0,9.0,2008.0,0,0.0,0.0,1,0,0,0,0,0,0,0
74,1,330.0,0.0,0.0,0,0.0,0.0,1,0,0,0,0,0,0,0
75,3,22440.0,12.0,2013.0,0,0.0,0.0,0,0,0,1,0,0,0,0
76,3,19960.0,3.0,2006.0,0,0.0,0.0,0,0,0,1,0,0,0,0
77,3,1090.0,8.0,2009.0,1,10.0,2014.0,0,0,0,1,1,4,7,10
78,1,3510.0,11.0,2006.0,1,5.0,2013.0,1,0,0,0,2,5,8,11
79,1,3320.0,0.0,0.0,0,0.0,0.0,1,0,0,0,0,0,0,0
80,1,7910.0,0.0,0.0,0,0.0,0.0,0,0,0,1,0,0,0,0
81,1,2370.0,3.0,2011.0,1,40.0,2014.0,1,0,0,0,1,4,7,10
82,1,22390.0,4.0,2008.0,1,37.0,2009.0,1,0,0,0,1,4,7,10
83,1,2710.0,0.0,0.0,0,0.0,0.0,1,0,0,0,0,0,0,0
84,3,11810.0,8.0,2014.0,0,0.0,0.0,1,0,0,0,0,0,0,0
85,1,1870.0,10.0,2011.0,0,0.0,0.0,0,1,0,0,0,0,0,0
86,1,480.0,2.0,2005.0,1,31.0,2013.0,1,0,0,0,1,4,7,10
87,1,560.0,12.0,2010.0,0,0.0,0.0,1,0,0,0,0,0,0,0
88,1,10690.0,10.0,2005.0,0,0.0,0.0,1,0,0,0,0,0,0,0
89,1,2380.0,7.0,2004.0,1,40.0,2014.0,1,0,0,0,1,4,7,10
90,1,330.0,11.0,2007.0,0,0.0,0.0,1,0,0,0,0,0,0,0
91,1,2410.0,0.0,0.0,1,35.0,2011.0,0,0,1,0,1,4,7,10
92,1,240.0,0.0,0.0,1,45.0,2009.0,0,0,1,0,2,5,8,11
93,1,16690.0,0.0,0.0,1,14.0,2011.0,1,0,0,0,1,4,7,10
94,3,14620.0,0.0,0.0,0,0.0,0.0,0,0,0,1,0,0,0,0
95,1,1890.0,10.0,2014.0,0,0.0,0.0,1,0,0,0,0,0,0,0
96,1,8780.0,2.0,2005.0,1,37.0,2009.0,1,0,0,0,1,4,7,10
97,3,8980.0,0.0,0.0,0,0.0,0.0,0,0,0,1,0,0,0,0
98,3,15140.0,12.0,2006.0,1,1.0,2012.0,0,0,0,1,1,4,7,10
99,3,2030.0,11.0,2003.0,1,22.0,2012.0,0,0,1,0,3,6,9,12
100,1,17930.0,0.0,0.0,0,0.0,0.0,0,0,0,1,0,0,0,0
101,3,2440.0,0.0,0.0,1,22.0,2012.0,0,0,0,1,3,6,9,12
102,1,150.0,12.0,2007.0,1,10.0,2014.0,1,0,0,0,3,6,9,12
103,3,5210.0,5.0,2015.0,0,0.0,0.0,0,0,0,1,0,0,0,0
104,1,390.0,6.0,2009.0,0,0.0,0.0,1,0,0,0,0,0,0,0
105,3,6190.0,0.0,0.0,1,23.0,2013.0,1,0,0,0,3,6,9,12
106,1,1390.0,8.0,2013.0,0,0.0,0.0,1,0,0,0,0,0,0,0
107,1,1930.0,9.0,2009.0,0,0.0,0.0,1,0,0,0,0,0,0,0
108,3,2190.0,9.0,2003.0,0,0.0,0.0,0,0,0,1,0,0,0,0
109,3,3300.0,11.0,2010.0,0,0.0,0.0,1,0,0,0,0,0,0,0
110,3,46590.0,4.0,2013.0,0,0.0,0.0,1,0,0,0,0,0,0,0
111,3,7890.0,0.0,0.0,1,37.0,2009.0,0,0,0,1,1,4,7,10
112,1,1630.0,9.0,2009.0,0,0.0,0.0,1,0,0,0,0,0,0,0
113,3,20930.0,11.0,1999.0,0,0.0,0.0,0,0,0,1,0,0,0,0
114,1,4510.0,0.0,0.0,1,48.0,2011.0,0,0,1,0,3,6,9,12
115,3,5740.0,4.0,2007.0,1,40.0,2014.0,0,0,0,1,1,4,7,10
116,1,680.0,4.0,2013.0,0,0.0,0.0,1,0,0,0,0,0,0,0
117,1,3450.0,9.0,2011.0,0,0.0,0.0,1,0,0,0,0,0,0,0
118,3,3580.0,9.0,2012.0,0,0.0,0.0,0,0,0,1,0,0,0,0
119,3,2100.0,2.0,2010.0,0,0.0,0.0,1,0,0,0,0,0,0,0
120,1,2290.0,12.0,2014.0,1,37.0,2009.0,0,0,0,1,1,4,7,10
121,1,3570.0,11.0,2009.0,1,36.0,2013.0,1,0,0,0,3,6,9,12
122,3,58260.0,4.0,2013.0,0,0.0,0.0,1,0,0,0,0,0,0,0
123,1,16760.0,9.0,2011.0,0,0.0,0.0,1,0,0,0,0,0,0,0
124,1,1410.0,4.0,2003.0,0,0.0,0.0,1,0,0,0,0,0,0,0
125,1,760.0,12.0,2005.0,0,0.0,0.0,1,0,0,0,0,0,0,0
126,1,3370.0,10.0,2014.0,1,18.0,2011.0,0,0,0,1,2,5,8,11
127,1,1350.0,12.0,2005.0,1,13.0,2010.0,0,0,0,1,1,4,7,10
128,3,2000.0,0.0,0.0,1,1.0,2013.0,0,0,0,1,1,4,7,10
129,1,2460.0,0.0,0.0,1,14.0,2011.0,1,0,0,0,1,4,7,10
130,1,900.0,0.0,0.0,1,13.0,2010.0,0,0,1,0,1,4,7,10
131,1,920.0,7.0,2015.0,0,0.0,0.0,0,0,1,0,0,0,0,0
132,3,1040.0,0.0,0.0,1,27.0,2012.0,0,0,0,1,1,4,7,10
133,1,270.0,8.0,2013.0,1,10.0,2014.0,1,0,0,0,3,6,9,12
134,1,1200.0,9.0,2008.0,0,0.0,0.0,1,0,0,0,0,0,0,0
135,1,5190.0,0.0,0.0,1,1.0,2013.0,0,0,0,1,1,4,7,10
136,3,2200.0,12.0,2010.0,1,22.0,2012.0,1,0,0,0,2,5,8,11
137,1,1730.0,7.0,2015.0,1,40.0,2014.0,1,0,0,0,1,4,7,10
138,3,25360.0,10.0,2014.0,0,0.0,0.0,1,0,0,0,0,0,0,0
139,1,1700.0,1.0,2008.0,1,14.0,2011.0,1,0,0,0,1,4,7,10
140,3,1090.0,7.0,2010.0,1,1.0,2013.0,1,0,0,0,1,4,7,10
141,3,1540.0,0.0,0.0,1,22.0,2012.0,0,0,1,0,3,6,9,12
142,1,1090.0,7.0,2002.0,0,0.0,0.0,1,0,0,0,0,0,0,0
143,1,2930.0,12.0,2002.0,0,0.0,0.0,0,0,0,1,0,0,0,0
144,3,16570.0,0.0,0.0,0,0.0,0.0,1,0,0,0,0,0,0,0
145,1,280.0,0.0,0.0,1,45.0,2009.0,1,0,0,0,2,5,8,11
146,3,8050.0,10.0,1961.0,1,48.0,2012.0,0,0,0,1,1,4,7,10
147,3,8540.0,0.0,0.0,0,0.0,0.0,0,0,0,1,0,0,0,0
148,1,2090.0,12.0,2008.0,0,0.0,0.0,1,0,0,0,0,0,0,0
149,1,2610.0,7.0,2006.0,1,14.0,2011.0,0,0,0,1,1,4,7,10
150,3,31830.0,3.0,2010.0,0,0.0,0.0,0,0,1,0,0,0,0,0
151,3,4360.0,10.0,2005.0,0,0.0,0.0,0,0,0,1,0,0,0,0
152,1,1780.0,0.0,0.0,0,0.0,0.0,1,0,0,0,0,0,0,0
153,1,16240.0,10.0,2000.0,1,18.0,2011.0,1,0,0,0,2,5,8,11
154,3,16420.0,0.0,0.0,0,0.0,0.0,0,0,0,1,0,0,0,0
155,1,3050.0,0.0,0.0,1,35.0,2010.0,0,0,0,1,1,4,7,10
156,1,2020.0,2.0,2011.0,1,14.0,2011.0,1,0,0,0,3,6,9,12
157,3,2950.0,10.0,2004.0,0,0.0,0.0,1,0,0,0,0,0,0,0
158,3,11840.0,0.0,0.0,1,31.0,2009.0,0,0,0,1,2,5,8,11
159,1,8530.0,3.0,2013.0,0,0.0,0.0,0,0,0,1,0,0,0,0
160,3,17110.0,11.0,2005.0,0,0.0,0.0,0,0,0,1,0,0,0,0
161,3,2970.0,3.0,2005.0,0,0.0,0.0,1,0,0,0,0,0,0,0
162,3,5340.0,3.0,2012.0,1,13.0,2010.0,0,0,0,1,1,4,7,10
163,1,1480.0,4.0,2009.0,0,0.0,0.0,1,0,0,0,0,0,0,0
164,1,1160.0,9.0,2005.0,1,13.0,2010.0,1,0,0,0,1,4,7,10
165,1,3720.0,4.0,2005.0,1,13.0,2010.0,1,0,0,0,1,4,7,10
166,3,100.0,4.0,2014.0,1,31.0,2013.0,1,0,0,0,1,4,7,10
167,1,140.0,4.0,2008.0,0,0.0,0.0,1,0,0,0,0,0,0,0
168,1,12540.0,0.0,0.0,0,0.0,0.0,1,0,0,0,0,0,0,0
169,1,980.0,7.0,2014.0,1,18.0,2014.0,0,0,0,1,2,5,8,11
170,1,1070.0,5.0,2015.0,1,14.0,2011.0,1,0,0,0,1,4,7,10
171,1,2640.0,0.0,0.0,0,0.0,0.0,1,0,0,0,0,0,0,0
172,1,110.0,0.0,0.0,1,40.0,2014.0,1,0,0,0,1,4,7,10
173,1,350.0,12.0,2012.0,0,0.0,0.0,1,0,0,0,0,0,0,0
174,1,13090.0,0.0,0.0,1,22.0,2012.0,1,0,0,0,1,4,7,10
175,1,4130.0,0.0,0.0,0,0.0,0.0,0,0,1,0,0,0,0,0
176,1,3770.0,0.0,0.0,0,0.0,0.0,1,0,0,0,0,0,0,0
177,1,1250.0,2.0,2004.0,1,5.0,2013.0,1,0,0,0,2,5,8,11
178,1,1710.0,0.0,0.0,0,0.0,0.0,0,0,0,1,0,0,0,0
179,3,480.0,0.0,0.0,0,0.0,0.0,1,0,0,0,0,0,0,0
180,1,5800.0,9.0,2010.0,0,0.0,0.0,0,0,0,1,0,0,0,0
181,1,12610.0,3.0,2013.0,1,14.0,2011.0,1,0,0,0,1,4,7,10
182,3,1390.0,0.0,0.0,1,9.0,2011.0,0,0,0,1,3,6,9,12
183,1,9670.0,0.0,0.0,0,0.0,0.0,1,0,0,0,0,0,0,0
184,3,3560.0,0.0,0.0,0,0.0,0.0,0,0,0,1,0,0,0,0
185,3,1860.0,5.0,2015.0,0,0.0,0.0,0,0,0,1,0,0,0,0
186,1,290.0,10.0,2011.0,1,40.0,2014.0,1,0,0,0,1,4,7,10
187,3,19360.0,0.0,0.0,0,0.0,0.0,1,0,0,0,0,0,0,0
188,1,850.0,0.0,0.0,1,18.0,2011.0,0,0,0,1,2,5,8,11
189,1,5760.0,7.0,2014.0,0,0.0,0.0,0,0,0,1,0,0,0,0
190,1,1470.0,12.0,2006.0,1,40.0,2014.0,1,0,0,0,1,4,7,10
191,1,1100.0,8.0,2013.0,1,40.0,2014.0,1,0,0,0,1,4,7,10
192,3,2770.0,3.0,2008.0,1,40.0,2014.0,0,0,0,1,1,4,7,10
193,1,520.0,0.0,0.0,0,0.0,0.0,1,0,0,0,0,0,0,0
194,3,16970.0,0.0,0.0,1,5.0,2013.0,0,0,0,1,2,5,8,11
195,3,220.0,0.0,0.0,0,0.0,0.0,1,0,0,0,0,0,0,0
196,1,3850.0,11.0,2005.0,1,14.0,2011.0,0,0,1,0,1,4,7,10
197,1,4210.0,3.0,2015.0,0,0.0,0.0,0,0,1,0,0,0,0,0
198,1,290.0,9.0,2002.0,1,13.0,2010.0,1,0,0,0,1,4,7,10
199,3,6360.0,12.0,2010.0,1,14.0,2012.0,0,0,0,1,3,6,9,12
200,1,1650.0,10.0,2000.0,0,0.0,0.0,1,0,0,0,0,0,0,0
201,1,20260.0,0.0,0.0,1,18.0,2014.0,0,0,0,1,3,6,9,12
202,3,5140.0,5.0,2010.0,0,0.0,0.0,0,0,0,1,0,0,0,0
203,3,490.0,11.0,2002.0,0,0.0,0.0,0,0,1,0,0,0,0,0
204,1,5630.0,12.0,2002.0,1,40.0,2014.0,1,0,0,0,1,4,7,10
205,1,110.0,12.0,2007.0,0,0.0,0.0,1,0,0,0,0,0,0,0
206,3,380.0,0.0,0.0,1,14.0,2012.0,1,0,0,0,1,4,7,10
207,1,6870.0,0.0,0.0,0,0.0,0.0,1,0,0,0,0,0,0,0
208,1,300.0,4.0,2006.0,0,0.0,0.0,0,0,1,0,0,0,0,0
209,3,11680.0,9.0,2011.0,1,31.0,2013.0,1,0,0,0,1,4,7,10
210,1,970.0,11.0,1999.0,1,5.0,2013.0,0,0,0,1,2,5,8,11
211,3,350.0,11.0,2006.0,0,0.0,0.0,1,0,0,0,0,0,0,0
212,3,15050.0,9.0,2008.0,0,0.0,0.0,1,0,0,0,0,0,0,0
213,3,4030.0,3.0,2014.0,1,1.0,2014.0,0,0,0,1,1,4,7,10
214,1,8650.0,7.0,2013.0,1,10.0,2014.0,0,0,0,1,1,4,7,10
215,1,150.0,0.0,0.0,1,45.0,2009.0,0,0,0,1,2,5,8,11
216,1,190.0,0.0,0.0,1,45.0,2009.0,0,0,1,0,2,5,8,11
217,1,3150.0,0.0,0.0,0,0.0,0.0,0,0,1,0,0,0,0,0
218,3,640.0,0.0,0.0,1,9.0,2011.0,1,0,0,0,3,6,9,12
219,1,1640.0,2.0,2013.0,0,0.0,0.0,1,0,0,0,0,0,0,0
220,1,1000.0,9.0,2008.0,0,0.0,0.0,1,0,0,0,0,0,0,0
221,3,13530.0,9.0,2013.0,0,0.0,0.0,0,0,0,1,0,0,0,0
222,1,2170.0,11.0,2008.0,0,0.0,0.0,1,0,0,0,0,0,0,0
223,3,2920.0,10.0,1995.0,1,27.0,2011.0,0,0,0,1,1,4,7,10
224,3,7930.0,0.0,0.0,1,1.0,2013.0,0,0,0,1,1,4,7,10
225,1,10180.0,5.0,2015.0,0,0.0,0.0,0,0,0,1,0,0,0,0
226,1,450.0,0.0,0.0,0,0.0,0.0,1,0,0,0,0,0,0,0
227,1,2370.0,0.0,0.0,0,0.0,0.0,1,0,0,0,0,0,0,0
228,3,10800.0,0.0,0.0,1,18.0,2011.0,0,0,0,1,2,5,8,11
229,3,17410.0,4.0,2007.0,1,14.0,2011.0,0,0,0,1,1,4,7,10
230,3,6680.0,9.0,2013.0,0,0.0,0.0,0,0,0,1,0,0,0,0
231,3,3840.0,10.0,2008.0,1,39.0,2010.0,0,0,0,1,2,5,8,11
232,3,13570.0,5.0,2010.0,1,10.0,2013.0,0,0,1,0,3,6,9,12
233,1,1890.0,0.0,0.0,0,0.0,0.0,1,0,0,0,0,0,0,0
234,1,4370.0,0.0,0.0,0,0.0,0.0,0,0,0,1,0,0,0,0
235,1,5710.0,3.0,2012.0,1,37.0,2009.0,1,0,0,0,1,4,7,10
236,1,1000.0,11.0,2007.0,0,0.0,0.0,1,0,0,0,0,0,0,0
237,1,1420.0,11.0,2007.0,0,0.0,0.0,1,0,0,0,0,0,0,0
238,1,320.0,0.0,0.0,1,45.0,2009.0,1,0,0,0,2,5,8,11
239,3,610.0,0.0,0.0,0,0.0,0.0,0,0,0,1,0,0,0,0
240,1,1110.0,5.0,2009.0,0,0.0,0.0,1,0,0,0,0,0,0,0
241,3,780.0,0.0,0.0,0,0.0,0.0,0,0,0,1,0,0,0,0
242,1,6880.0,9.0,2001.0,1,14.0,2011.0,0,0,0,1,1,4,7,10
243,1,310.0,0.0,0.0,1,5.0,2013.0,1,0,0,0,2,5,8,11
244,1,710.0,3.0,2012.0,1,1.0,2012.0,0,0,0,1,1,4,7,10
245,3,1310.0,0.0,0.0,0,0.0,0.0,1,0,0,0,0,0,0,0
246,1,4660.0,4.0,2013.0,0,0.0,0.0,0,0,1,0,0,0,0,0
247,3,70.0,11.0,2010.0,1,5.0,2013.0,0,0,0,1,2,5,8,11
248,3,340.0,9.0,2012.0,1,40.0,2012.0,1,0,0,0,1,4,7,10
249,3,18010.0,9.0,2014.0,0,0.0,0.0,0,0,0,1,0,0,0,0
250,1,3520.0,0.0,0.0,1,18.0,2012.0,0,0,0,1,2,5,8,11
251,3,340.0,0.0,0.0,0,0.0,0.0,1,0,0,0,0,0,0,0
252,3,22330.0,0.0,0.0,1,5.0,2010.0,0,0,0,1,2,5,8,11
253,3,250.0,0.0,0.0,1,5.0,2013.0,1,0,0,0,2,5,8,11
254,1,330.0,3.0,2008.0,1,1.0,2012.0,0,0,0,1,3,6,9,12
255,3,4630.0,3.0,2011.0,1,35.0,2011.0,0,0,1,0,2,5,8,11
256,3,80.0,9.0,2005.0,1,10.0,2014.0,1,0,0,0,3,6,9,12
257,1,420.0,12.0,2012.0,0,0.0,0.0,1,0,0,0,0,0,0,0
258,1,27190.0,7.0,2010.0,1,37.0,2009.0,1,0,0,0,1,4,7,10
259,2,210.0,0.0,0.0,0,0.0,0.0,0,1,0,0,0,0,0,0
260,1,540.0,10.0,2011.0,0,0.0,0.0,1,0,0,0,0,0,0,0
261,3,15340.0,4.0,2015.0,1,39.0,2009.0,0,0,0,1,1,4,7,10
262,1,1180.0,5.0,2013.0,0,0.0,0.0,0,1,0,0,0,0,0,0
263,3,1140.0,5.0,2013.0,1,40.0,2014.0,1,0,0,0,1,4,7,10
264,1,180.0,3.0,2014.0,0,0.0,0.0,1,0,0,0,0,0,0,0
265,1,4580.0,0.0,0.0,1,14.0,2015.0,1,0,0,0,1,4,7,10
266,3,360.0,3.0,2014.0,1,9.0,2011.0,1,0,0,0,3,6,9,12
267,1,2460.0,1.0,2012.0,0,0.0,0.0,0,0,1,0,0,0,0,0
268,1,4520.0,2.0,2014.0,0,0.0,0.0,1,0,0,0,0,0,0,0
269,3,60.0,6.0,2015.0,0,0.0,0.0,1,0,0,0,0,0,0,0
270,1,1450.0,7.0,2014.0,0,0.0,0.0,1,0,0,0,0,0,0,0
271,1,420.0,0.0,0.0,1,14.0,2011.0,1,0,0,0,1,4,7,10
272,1,16180.0,7.0,2003.0,1,14.0,2011.0,1,0,0,0,1,4,7,10
273,3,8480.0,0.0,0.0,0,0.0,0.0,1,0,0,0,0,0,0,0
274,2,3640.0,0.0,0.0,1,10.0,2013.0,0,1,0,0,1,4,7,10
275,1,300.0,5.0,2014.0,1,40.0,2014.0,0,0,0,1,1,4,7,10
276,1,2960.0,10.0,2014.0,1,36.0,2013.0,1,0,0,0,3,6,9,12
277,3,7840.0,0.0,0.0,1,31.0,2009.0,0,0,0,1,2,5,8,11
278,3,9260.0,2.0,2010.0,0,0.0,0.0,1,0,0,0,0,0,0,0
279,3,2320.0,0.0,0.0,1,40.0,2012.0,0,0,0,1,1,4,7,10
280,3,18640.0,9.0,2013.0,1,10.0,2014.0,0,0,0,1,3,6,9,12
281,3,6970.0,9.0,2011.0,0,0.0,0.0,0,0,0,1,0,0,0,0
282,1,1220.0,12.0,2010.0,0,0.0,0.0,1,0,0,0,0,0,0,0
283,1,2260.0,0.0,0.0,1,40.0,2014.0,1,0,0,0,1,4,7,10
284,1,1290.0,0.0,0.0,1,40.0,2014.0,0,0,0,1,1,4,7,10
285,1,2410.0,0.0,0.0,0,0.0,0.0,1,0,0,0,0,0,0,0
286,1,1460.0,4.0,2015.0,0,0.0,0.0,1,0,0,0,0,0,0,0
287,1,2740.0,5.0,2009.0,1,40.0,2014.0,0,0,1,0,1,4,7,10
288,1,800.0,0.0,0.0,1,14.0,2011.0,0,0,0,1,3,6,9,12
289,1,6540.0,12.0,2007.0,0,0.0,0.0,0,0,0,1,0,0,0,0
290,1,4150.0,5.0,2001.0,0,0.0,0.0,1,0,0,0,0,0,0,0
291,1,0.0,0.0,0.0,0,0.0,0.0,0,0,0,1,0,0,0,0
292,1,1100.0,6.0,2009.0,0,0.0,0.0,1,0,0,0,0,0,0,0
293,3,140.0,11.0,2007.0,0,0.0,0.0,0,0,1,0,0,0,0,0
294,1,3150.0,5.0,2005.0,0,0.0,0.0,1,0,0,0,0,0,0,0
295,1,210.0,11.0,2000.0,1,36.0,2013.0,1,0,0,0,3,6,9,12
296,1,9580.0,5.0,2007.0,1,45.0,2014.0,1,0,0,0,2,5,8,11
297,1,2300.0,9.0,2010.0,0,0.0,0.0,1,0,0,0,0,0,0,0
298,1,19840.0,7.0,2009.0,0,0.0,0.0,0,0,0,1,0,0,0,0
299,3,38630.0,9.0,2012.0,0,0.0,0.0,0,0,0,1,0,0,0,0
300,3,120.0,4.0,2009.0,1,1.0,2012.0,1,0,0,0,1,4,7,10
301,3,4510.0,3.0,2015.0,0,0.0,0.0,1,0,0,0,0,0,0,0
302,3,2190.0,12.0,2007.0,1,9.0,2011.0,0,0,0,1,3,6,9,12
303,1,15430.0,11.0,2012.0,1,18.0,2011.0,1,0,0,0,2,5,8,11
304,1,1950.0,7.0,2015.0,0,0.0,0.0,1,0,0,0,0,0,0,0
305,3,2470.0,2.0,2005.0,1,31.0,2013.0,0,0,1,0,3,6,9,12
306,1,5100.0,4.0,2007.0,1,40.0,2014.0,1,0,0,0,1,4,7,10
307,1,18660.0,9.0,2002.0,0,0.0,0.0,1,0,0,0,0,0,0,0
308,1,1070.0,12.0,2006.0,1,13.0,2010.0,1,0,0,0,1,4,7,10
309,1,8740.0,0.0,0.0,1,37.0,2009.0,0,0,0,1,2,5,8,11
310,3,2290.0,0.0,0.0,1,10.0,2014.0,1,0,0,0,3,6,9,12
311,3,680.0,7.0,2005.0,0,0.0,0.0,1,0,0,0,0,0,0,0
312,1,11300.0,3.0,2012.0,0,0.0,0.0,0,0,0,1,0,0,0,0
313,3,14160.0,0.0,0.0,0,0.0,0.0,0,0,0,1,0,0,0,0
314,1,3560.0,10.0,2001.0,1,31.0,2013.0,1,0,0,0,2,5,8,11
315,3,38710.0,4.0,2013.0,0,0.0,0.0,1,0,0,0,0,0,0,0
316,1,9000.0,8.0,2001.0,0,0.0,0.0,0,0,0,1,0,0,0,0
317,1,3140.0,7.0,2013.0,1,14.0,2011.0,0,0,0,1,1,4,7,10
318,3,32330.0,3.0,2014.0,0,0.0,0.0,0,0,0,1,0,0,0,0
319,3,570.0,9.0,2012.0,1,27.0,2012.0,1,0,0,0,3,6,9,12
320,3,210.0,9.0,2012.0,0,0.0,0.0,1,0,0,0,0,0,0,0
321,3,8140.0,11.0,2013.0,1,10.0,2014.0,0,0,1,0,3,6,9,12
322,1,17500.0,4.0,2001.0,1,37.0,2009.0,1,0,0,0,1,4,7,10
323,3,8400.0,4.0,2012.0,1,5.0,2013.0,0,0,0,1,2,5,8,11
324,1,13140.0,0.0,0.0,1,14.0,2011.0,1,0,0,0,1,4,7,10
325,3,350.0,3.0,2011.0,1,22.0,2011.0,1,0,0,0,2,5,8,11
326,1,10070.0,5.0,2015.0,1,31.0,2013.0,0,0,0,1,2,5,8,11
327,3,1390.0,12.0,2004.0,0,0.0,0.0,0,0,1,0,0,0,0,0
328,1,3130.0,7.0,2002.0,0,0.0,0.0,1,0,0,0,0,0,0,0
329,1,1310.0,6.0,1990.0,1,22.0,2012.0,1,0,0,0,3,6,9,12
330,3,370.0,0.0,0.0,1,22.0,2012.0,1,0,0,0,3,6,9,12
331,3,670.0,0.0,0.0,1,14.0,2015.0,1,0,0,0,1,4,7,10
332,1,1840.0,3.0,2006.0,0,0.0,0.0,1,0,0,0,0,0,0,0
333,3,3720.0,2.0,2010.0,0,0.0,0.0,1,0,0,0,0,0,0,0
334,3,4040.0,8.0,2008.0,1,18.0,2013.0,0,0,0,1,3,6,9,12
335,1,90.0,0.0,0.0,1,31.0,2013.0,0,1,0,0,1,4,7,10
336,1,190.0,7.0,2014.0,0,0.0,0.0,1,0,0,0,0,0,0,0
337,3,10600.0,7.0,2005.0,1,45.0,2014.0,0,0,0,1,2,5,8,11
338,3,1590.0,0.0,0.0,1,37.0,2009.0,1,0,0,0,1,4,7,10
339,3,2280.0,0.0,0.0,1,10.0,2013.0,1,0,0,0,3,6,9,12
340,3,8080.0,0.0,0.0,0,0.0,0.0,1,0,0,0,0,0,0,0
341,1,190.0,9.0,2011.0,0,0.0,0.0,1,0,0,0,0,0,0,0
342,3,15770.0,0.0,0.0,1,40.0,2014.0,0,0,0,1,1,4,7,10
343,1,18650.0,4.0,2004.0,1,14.0,2014.0,0,0,0,1,1,4,7,10
344,3,300.0,4.0,2011.0,1,14.0,2011.0,1,0,0,0,1,4,7,10
345,1,120.0,0.0,0.0,1,22.0,2012.0,1,0,0,0,1,4,7,10
346,3,8090.0,0.0,0.0,0,0.0,0.0,1,0,0,0,0,0,0,0
347,3,9360.0,7.0,2013.0,1,22.0,2012.0,0,0,0,1,3,6,9,12
348,1,16490.0,0.0,0.0,1,22.0,2012.0,1,0,0,0,1,4,7,10
349,3,1490.0,4.0,2009.0,0,0.0,0.0,0,0,1,0,0,0,0,0
350,1,8880.0,0.0,0.0,1,14.0,2011.0,0,0,0,1,1,4,7,10
351,1,5290.0,11.0,2012.0,1,5.0,2013.0,1,0,0,0,2,5,8,11
352,3,6360.0,0.0,0.0,1,40.0,2012.0,0,0,0,1,3,6,9,12
353,2,900.0,0.0,0.0,1,14.0,2013.0,0,1,0,0,2,5,8,11
354,3,1500.0,10.0,2005.0,0,0.0,0.0,0,0,0,1,0,0,0,0
355,3,9720.0,8.0,2013.0,0,0.0,0.0,1,0,0,0,0,0,0,0
356,3,8970.0,12.0,2007.0,1,22.0,2012.0,0,0,0,1,2,5,8,11
357,1,2060.0,10.0,2008.0,0,0.0,0.0,1,0,0,0,0,0,0,0
358,1,2890.0,10.0,2003.0,0,0.0,0.0,1,0,0,0,0,0,0,0
359,3,4370.0,0.0,0.0,0,0.0,0.0,0,0,0,1,0,0,0,0
360,1,2040.0,6.0,2007.0,0,0.0,0.0,1,0,0,0,0,0,0,0
361,3,4490.0,5.0,2014.0,1,5.0,2013.0,0,0,1,0,2,5,8,11
362,3,340.0,0.0,0.0,0,0.0,0.0,0,0,1,0,0,0,0,0
363,1,250.0,9.0,2009.0,0,0.0,0.0,1,0,0,0,0,0,0,0
364,3,13620.0,0.0,0.0,1,10.0,2014.0,1,0,0,0,3,6,9,12
365,1,2410.0,0.0,0.0,1,45.0,2009.0,0,0,1,0,2,5,8,11
366,3,6470.0,12.0,2004.0,0,0.0,0.0,0,0,0,1,0,0,0,0
367,3,2640.0,9.0,2012.0,0,0.0,0.0,0,0,0,1,0,0,0,0
368,3,1450.0,4.0,2005.0,1,45.0,2009.0,0,0,0,1,2,5,8,11
369,3,5870.0,4.0,2014.0,0,0.0,0.0,0,0,0,1,0,0,0,0
370,1,8250.0,10.0,2000.0,1,31.0,2009.0,0,0,0,1,1,4,7,10
371,3,1970.0,7.0,2009.0,1,45.0,2014.0,0,0,0,1,2,5,8,11
372,3,4880.0,8.0,2010.0,1,18.0,2014.0,0,0,0,1,1,4,7,10
373,3,11120.0,0.0,0.0,1,22.0,2012.0,0,0,0,1,1,4,7,10
374,1,1150.0,9.0,2007.0,0,0.0,0.0,1,0,0,0,0,0,0,0
375,3,15710.0,2.0,2013.0,1,37.0,2009.0,1,0,0,0,1,4,7,10
376,1,160.0,8.0,2012.0,0,0.0,0.0,1,0,0,0,0,0,0,0
377,3,100.0,6.0,2010.0,1,18.0,2010.0,1,0,0,0,2,5,8,11
378,3,2140.0,8.0,2012.0,0,0.0,0.0,1,0,0,0,0,0,0,0
379,1,6630.0,0.0,0.0,0,0.0,0.0,0,0,0,1,0,0,0,0
380,1,2240.0,5.0,2013.0,1,10.0,2014.0,1,0,0,0,3,6,9,12
381,1,1800.0,11.0,2006.0,1,5.0,2013.0,1,0,0,0,2,5,8,11
382,3,26130.0,11.0,2002.0,0,0.0,0.0,0,0,1,0,0,0,0,0
383,3,350.0,0.0,0.0,0,0.0,0.0,1,0,0,0,0,0,0,0
384,3,130.0,0.0,0.0,1,14.0,2011.0,1,0,0,0,1,4,7,10
385,1,4580.0,9.0,2007.0,0,0.0,0.0,0,0,0,1,0,0,0,0
386,3,1460.0,4.0,2014.0,1,31.0,2013.0,0,0,0,1,1,4,7,10
387,1,210.0,0.0,0.0,1,36.0,2013.0,0,0,1,0,3,6,9,12
388,1,2260.0,0.0,0.0,0,0.0,0.0,1,0,0,0,0,0,0,0
389,3,6690.0,8.0,2011.0,0,0.0,0.0,1,0,0,0,0,0,0,0
390,3,1600.0,4.0,2009.0,0,0.0,0.0,1,0,0,0,0,0,0,0
391,1,460.0,11.0,2014.0,1,31.0,2013.0,1,0,0,0,2,5,8,11
392,1,2120.0,0.0,0.0,0,0.0,0.0,1,0,0,0,0,0,0,0
393,3,4820.0,3.0,2008.0,0,0.0,0.0,0,0,0,1,0,0,0,0
394,1,10850.0,0.0,0.0,0,0.0,0.0,0,0,0,1,0,0,0,0
395,1,3620.0,2.0,2013.0,0,0.0,0.0,1,0,0,0,0,0,0,0
396,3,23130.0,0.0,0.0,0,0.0,0.0,1,0,0,0,0,0,0,0
397,3,130.0,0.0,0.0,1,27.0,2013.0,1,0,0,0,2,5,8,11
398,3,1540.0,0.0,0.0,1,1.0,2012.0,0,0,1,0,1,4,7,10
399,1,5360.0,9.0,2012.0,1,40.0,2011.0,1,0,0,0,1,4,7,10
400,1,70.0,11.0,2004.0,1,14.0,2011.0,1,0,0,0,1,4,7,10
401,3,9200.0,10.0,2009.0,1,14.0,2012.0,1,0,0,0,1,4,7,10
402,3,5830.0,9.0,2011.0,1,13.0,2010.0,0,0,1,0,1,4,7,10
403,1,4970.0,7.0,2015.0,0,0.0,0.0,1,0,0,0,0,0,0,0
404,3,1420.0,0.0,0.0,1,10.0,2013.0,1,0,0,0,3,6,9,12
405,1,1080.0,4.0,2008.0,1,14.0,2011.0,1,0,0,0,1,4,7,10
406,3,8240.0,3.0,2001.0,1,10.0,2013.0,0,0,0,1,2,5,8,11
407,1,5890.0,10.0,2003.0,1,14.0,2011.0,1,0,0,0,2,5,8,11
408,1,1560.0,0.0,0.0,1,45.0,2009.0,0,0,1,0,2,5,8,11
409,3,840.0,0.0,0.0,1,1.0,2013.0,0,0,0,1,1,4,7,10
410,1,40.0,11.0,2011.0,1,22.0,2012.0,0,0,1,0,3,6,9,12
411,3,8460.0,0.0,0.0,0,0.0,0.0,0,0,0,1,0,0,0,0
412,3,4460.0,0.0,0.0,1,39.0,2010.0,0,0,0,1,1,4,7,10
413,3,760.0,9.0,2014.0,0,0.0,0.0,1,0,0,0,0,0,0,0
414,3,6210.0,0.0,0.0,1,1.0,2013.0,0,0,0,1,1,4,7,10
415,3,6910.0,4.0,2005.0,0,0.0,0.0,0,0,0,1,0,0,0,0
416,3,4650.0,6.0,2014.0,0,0.0,0.0,1,0,0,0,0,0,0,0
417,3,840.0,0.0,0.0,1,10.0,2014.0,1,0,0,0,1,4,7,10
418,1,1060.0,5.0,2009.0,1,27.0,2011.0,1,0,0,0,2,5,8,11
419,1,1620.0,9.0,2009.0,0,0.0,0.0,0,0,1,0,0,0,0,0
420,3,250.0,0.0,0.0,1,27.0,2012.0,0,0,0,1,1,4,7,10
421,3,3530.0,6.0,2012.0,1,35.0,2012.0,0,0,1,0,3,6,9,12
422,3,2880.0,0.0,0.0,0,0.0,0.0,1,0,0,0,0,0,0,0
423,1,1270.0,5.0,2014.0,0,0.0,0.0,0,1,0,0,0,0,0,0
424,3,1250.0,0.0,0.0,1,40.0,2011.0,0,0,0,1,1,4,7,10
425,3,1460.0,0.0,0.0,0,0.0,0.0,0,0,0,1,0,0,0,0
426,1,250.0,0.0,0.0,0,0.0,0.0,1,0,0,0,0,0,0,0
427,3,70.0,7.0,2005.0,1,13.0,2010.0,1,0,0,0,1,4,7,10
428,1,2960.0,12.0,2014.0,1,23.0,2015.0,0,0,0,1,3,6,9,12
429,3,16350.0,7.0,2005.0,1,31.0,2013.0,0,0,0,1,1,4,7,10
430,3,12870.0,10.0,2008.0,0,0.0,0.0,0,0,0,1,0,0,0,0
431,3,4520.0,0.0,0.0,0,0.0,0.0,0,0,0,1,0,0,0,0
432,1,810.0,5.0,2013.0,0,0.0,0.0,1,0,0,0,0,0,0,0
433,3,30030.0,11.0,2010.0,0,0.0,0.0,1,0,0,0,0,0,0,0
434,1,13020.0,8.0,2003.0,1,40.0,2014.0,1,0,0,0,1,4,7,10
435,1,910.0,0.0,0.0,0,0.0,0.0,1,0,0,0,0,0,0,0
436,1,2300.0,0.0,0.0,0,0.0,0.0,0,0,0,1,0,0,0,0
437,3,430.0,0.0,0.0,1,50.0,2010.0,0,0,1,0,1,4,7,10
438,3,1110.0,0.0,0.0,1,40.0,2012.0,0,0,0,1,1,4,7,10
439,1,1350.0,9.0,2009.0,0,0.0,0.0,1,0,0,0,0,0,0,0
440,1,3900.0,4.0,2005.0,1,45.0,2009.0,0,0,0,1,2,5,8,11
441,1,2530.0,0.0,0.0,0,0.0,0.0,0,0,0,1,0,0,0,0
442,1,500.0,0.0,0.0,1,45.0,2009.0,0,0,1,0,2,5,8,11
443,1,11400.0,12.0,2005.0,0,0.0,0.0,0,0,0,1,0,0,0,0
444,1,1700.0,11.0,2009.0,0,0.0,0.0,0,0,1,0,0,0,0,0
445,1,240.0,0.0,0.0,0,0.0,0.0,1,0,0,0,0,0,0,0
446,1,340.0,10.0,2000.0,1,31.0,2013.0,1,0,0,0,2,5,8,11
447,3,1510.0,9.0,2013.0,0,0.0,0.0,1,0,0,0,0,0,0,0
448,3,3970.0,9.0,2009.0,0,0.0,0.0,1,0,0,0,0,0,0,0
449,3,120.0,12.0,2014.0,1,37.0,2009.0,1,0,0,0,1,4,7,10
450,1,5780.0,11.0,1994.0,1,10.0,2014.0,0,0,1,0,3,6,9,12
451,1,2460.0,4.0,2009.0,1,13.0,2010.0,1,0,0,0,1,4,7,10
452,3,1850.0,8.0,2013.0,1,5.0,2011.0,1,0,0,0,2,5,8,11
453,3,75860.0,0.0,0.0,0,0.0,0.0,1,0,0,0,0,0,0,0
454,1,26450.0,0.0,0.0,0,0.0,0.0,1,0,0,0,0,0,0,0
455,3,7660.0,9.0,2010.0,0,0.0,0.0,0,0,0,1,0,0,0,0
456,3,140.0,0.0,0.0,0,0.0,0.0,1,0,0,0,0,0,0,0
457,3,13140.0,0.0,0.0,1,31.0,2013.0,0,0,0,1,1,4,7,10
458,1,3390.0,0.0,0.0,0,0.0,0.0,0,0,1,0,0,0,0,0
459,1,250.0,9.0,2008.0,1,5.0,2013.0,1,0,0,0,2,5,8,11
460,1,34050.0,4.0,2008.0,0,0.0,0.0,1,0,0,0,0,0,0,0
461,3,1790.0,7.0,2013.0,1,40.0,2013.0,0,0,0,1,1,4,7,10
462,1,44320.0,8.0,2008.0,0,0.0,0.0,1,0,0,0,0,0,0,0
463,1,4160.0,0.0,0.0,0,0.0,0.0,1,0,0,0,0,0,0,0
464,1,520.0,3.0,2009.0,0,0.0,0.0,0,0,1,0,0,0,0,0
465,3,10890.0,4.0,2005.0,0,0.0,0.0,0,0,0,1,0,0,0,0
466,3,3110.0,3.0,2003.0,0,0.0,0.0,1,0,0,0,0,0,0,0
467,3,20390.0,4.0,2008.0,0,0.0,0.0,1,0,0,0,0,0,0,0
468,3,5260.0,9.0,2012.0,0,0.0,0.0,0,0,1,0,0,0,0,0
469,3,710.0,9.0,2005.0,0,0.0,0.0,0,0,1,0,0,0,0,0
470,3,50.0,0.0,0.0,0,0.0,0.0,1,0,0,0,0,0,0,0
471,1,5300.0,0.0,0.0,1,45.0,2009.0,0,0,0,1,2,5,8,11
472,3,5030.0,8.0,2011.0,0,0.0,0.0,0,0,1,0,0,0,0,0
473,1,50.0,0.0,0.0,0,0.0,0.0,1,0,0,0,0,0,0,0
474,1,14810.0,0.0,0.0,1,14.0,2011.0,0,0,1,0,3,6,9,12
475,1,140.0,9.0,2005.0,0,0.0,0.0,1,0,0,0,0,0,0,0
476,1,8300.0,9.0,2006.0,0,0.0,0.0,0,0,0,1,0,0,0,0
477,1,770.0,7.0,2010.0,1,35.0,2010.0,0,0,0,1,1,4,7,10
478,3,1940.0,3.0,2012.0,0,0.0,0.0,0,0,0,1,0,0,0,0
479,1,320.0,12.0,2005.0,1,9.0,2011.0,1,0,0,0,2,5,8,11
480,1,300.0,11.0,2012.0,0,0.0,0.0,1,0,0,0,0,0,0,0
481,3,7470.0,0.0,0.0,1,44.0,2012.0,0,0,1,0,2,5,8,11
482,1,2550.0,10.0,2005.0,0,0.0,0.0,0,0,1,0,0,0,0,0
483,3,2310.0,9.0,2011.0,1,13.0,2010.0,1,0,0,0,1,4,7,10
484,3,14300.0,3.0,2011.0,0,0.0,0.0,1,0,0,0,0,0,0,0
485,3,3270.0,0.0,0.0,1,22.0,2012.0,0,0,0,1,1,4,7,10
486,1,2320.0,0.0,0.0,1,31.0,2013.0,1,0,0,0,1,4,7,10
487,3,2180.0,9.0,2012.0,1,40.0,2012.0,0,0,0,1,1,4,7,10
488,3,2890.0,4.0,2014.0,0,0.0,0.0,1,0,0,0,0,0,0,0
489,1,14960.0,11.0,2013.0,1,37.0,2009.0,1,0,0,0,1,4,7,10
490,1,660.0,4.0,2013.0,1,40.0,2014.0,1,0,0,0,1,4,7,10
491,3,4680.0,0.0,0.0,1,22.0,2012.0,0,0,0,1,3,6,9,12
492,1,1740.0,3.0,2008.0,1,40.0,2012.0,1,0,0,0,1,4,7,10
493,3,1150.0,0.0,0.0,1,14.0,2011.0,0,0,0,1,1,4,7,10
494,1,1260.0,6.0,2011.0,0,0.0,0.0,0,1,0,0,0,0,0,0
495,1,5470.0,0.0,0.0,1,37.0,2009.0,0,0,0,1,1,4,7,10
496,3,2780.0,6.0,2015.0,0,0.0,0.0,0,0,0,1,0,0,0,0
497,3,1610.0,0.0,0.0,0,0.0,0.0,1,0,0,0,0,0,0,0
498,1,990.0,0.0,0.0,1,40.0,2014.0,1,0,0,0,1,4,7,10
499,3,450.0,0.0,0.0,1,5.0,2013.0,0,0,1,0,2,5,8,11
500,3,10690.0,9.0,2007.0,1,5.0,2013.0,0,0,0,1,1,4,7,10
501,3,1620.0,9.0,2006.0,0,0.0,0.0,1,0,0,0,0,0,0,0
502,1,220.0,2.0,2002.0,1,37.0,2009.0,1,0,0,0,1,4,7,10
503,3,13080.0,9.0,2006.0,1,14.0,2011.0,0,0,0,1,1,4,7,10
504,3,820.0,0.0,0.0,0,0.0,0.0,0,0,1,0,0,0,0,0
505,1,350.0,0.0,0.0,1,5.0,2013.0,1,0,0,0,2,5,8,11
506,1,1850.0,12.0,2014.0,1,18.0,2011.0,1,0,0,0,2,5,8,11
507,3,9070.0,4.0,2011.0,1,37.0,2009.0,1,0,0,0,1,4,7,10
508,3,1280.0,0.0,0.0,1,40.0,2011.0,1,0,0,0,1,4,7,10
509,1,4740.0,7.0,2008.0,1,37.0,2009.0,1,0,0,0,1,4,7,10
510,3,8260.0,0.0,0.0,0,0.0,0.0,1,0,0,0,0,0,0,0
511,1,2060.0,9.0,2009.0,0,0.0,0.0,1,0,0,0,0,0,0,0
512,2,590.0,0.0,0.0,1,5.0,2013.0,0,1,0,0,3,6,9,12
513,1,400.0,8.0,2013.0,0,0.0,0.0,1,0,0,0,0,0,0,0
514,3,1200.0,7.0,2012.0,1,27.0,2012.0,0,0,1,0,1,4,7,10
515,3,11260.0,0.0,0.0,1,9.0,2011.0,0,0,0,1,2,5,8,11
516,3,20.0,0.0,0.0,1,35.0,2010.0,1,0,0,0,3,6,9,12
517,3,22490.0,0.0,0.0,0,0.0,0.0,1,0,0,0,0,0,0,0
518,3,3330.0,3.0,2015.0,1,13.0,2010.0,0,0,0,1,1,4,7,10
519,3,2510.0,8.0,2009.0,1,1.0,2012.0,0,0,1,0,1,4,7,10
520,3,6900.0,0.0,0.0,1,40.0,2012.0,1,0,0,0,3,6,9,12
521,1,18610.0,11.0,2002.0,1,48.0,2011.0,0,0,0,1,3,6,9,12
522,3,7160.0,11.0,2012.0,1,9.0,2011.0,0,0,0,1,1,4,7,10
523,3,50.0,11.0,2013.0,0,0.0,0.0,0,0,1,0,0,0,0,0
524,3,40860.0,9.0,2013.0,0,0.0,0.0,1,0,0,0,0,0,0,0
525,3,1870.0,9.0,2013.0,0,0.0,0.0,0,0,0,1,0,0,0,0
526,1,120.0,0.0,0.0,1,48.0,2011.0,1,0,0,0,3,6,9,12
527,3,5830.0,4.0,2008.0,0,0.0,0.0,0,0,0,1,0,0,0,0
528,3,20620.0,0.0,0.0,1,37.0,2009.0,1,0,0,0,1,4,7,10
529,3,12920.0,9.0,2012.0,0,0.0,0.0,0,0,0,1,0,0,0,0
530,3,18160.0,0.0,0.0,0,0.0,0.0,1,0,0,0,0,0,0,0
531,3,4030.0,0.0,0.0,0,0.0,0.0,1,0,0,0,0,0,0,0
532,3,1070.0,8.0,2010.0,0,0.0,0.0,1,0,0,0,0,0,0,0
533,3,5950.0,0.0,0.0,0,0.0,0.0,1,0,0,0,0,0,0,0
534,1,1200.0,9.0,2009.0,1,45.0,2009.0,0,0,0,1,1,4,7,10
535,1,3570.0,4.0,2007.0,0,0.0,0.0,1,0,0,0,0,0,0,0
536,3,4700.0,9.0,2002.0,1,31.0,2013.0,1,0,0,0,2,5,8,11
537,1,600.0,5.0,2002.0,1,1.0,2012.0,1,0,0,0,1,4,7,10
538,1,990.0,2.0,2010.0,0,0.0,0.0,1,0,0,0,0,0,0,0
539,1,770.0,5.0,2013.0,1,40.0,2014.0,1,0,0,0,1,4,7,10
540,3,810.0,0.0,0.0,1,48.0,2012.0,0,0,0,1,1,4,7,10
541,3,650.0,7.0,1990.0,0,0.0,0.0,1,0,0,0,0,0,0,0
542,1,7280.0,9.0,2012.0,1,1.0,2013.0,1,0,0,0,1,4,7,10
543,1,1080.0,12.0,2012.0,0,0.0,0.0,0,0,1,0,0,0,0,0
544,1,250.0,12.0,2001.0,1,13.0,2010.0,1,0,0,0,1,4,7,10
545,3,5020.0,5.0,2006.0,1,18.0,2014.0,1,0,0,0,2,5,8,11
546,1,580.0,1.0,2005.0,0,0.0,0.0,1,0,0,0,0,0,0,0
547,3,8990.0,11.0,2009.0,1,35.0,2010.0,0,0,0,1,3,6,9,12
548,3,3760.0,2.0,2009.0,0,0.0,0.0,0,0,0,1,0,0,0,0
549,3,2330.0,0.0,0.0,0,0.0,0.0,1,0,0,0,0,0,0,0
550,3,50.0,6.0,2015.0,0,0.0,0.0,0,0,0,1,0,0,0,0
551,3,2190.0,9.0,2013.0,0,0.0,0.0,1,0,0,0,0,0,0,0
552,1,4260.0,7.0,2008.0,1,37.0,2009.0,1,0,0,0,1,4,7,10
553,1,3040.0,9.0,2002.0,1,13.0,2010.0,0,0,1,0,1,4,7,10
554,3,1200.0,0.0,0.0,0,0.0,0.0,0,0,1,0,0,0,0,0
555,1,1560.0,1.0,2014.0,1,10.0,2013.0,0,0,0,1,3,6,9,12
556,3,1140.0,11.0,2014.0,0,0.0,0.0,0,0,0,1,0,0,0,0
557,1,250.0,0.0,0.0,0,0.0,0.0,1,0,0,0,0,0,0,0
558,1,3000.0,2.0,2010.0,0,0.0,0.0,1,0,0,0,0,0,0,0
559,1,3910.0,11.0,2006.0,1,5.0,2013.0,0,0,0,1,2,5,8,11
560,3,1910.0,7.0,2013.0,0,0.0,0.0,0,0,1,0,0,0,0,0
561,1,14300.0,0.0,0.0,0,0.0,0.0,0,0,0,1,0,0,0,0
562,3,1210.0,0.0,0.0,0,0.0,0.0,0,1,0,0,0,0,0,0
563,1,700.0,3.0,2015.0,1,10.0,2014.0,1,0,0,0,1,4,7,10
564,3,6540.0,0.0,0.0,1,14.0,2013.0,0,0,0,1,1,4,7,10
565,3,160.0,7.0,2007.0,0,0.0,0.0,1,0,0,0,0,0,0,0
566,1,3620.0,0.0,0.0,1,40.0,2013.0,1,0,0,0,1,4,7,10
567,1,1010.0,9.0,2012.0,1,18.0,2011.0,0,0,1,0,2,5,8,11
568,3,4270.0,0.0,0.0,1,1.0,2013.0,0,0,0,1,1,4,7,10
569,1,1340.0,9.0,2006.0,0,0.0,0.0,1,0,0,0,0,0,0,0
570,1,180.0,11.0,2006.0,0,0.0,0.0,1,0,0,0,0,0,0,0
571,1,2110.0,11.0,1995.0,1,40.0,2014.0,0,0,0,1,1,4,7,10
572,3,9230.0,4.0,2004.0,1,37.0,2009.0,0,0,0,1,1,4,7,10
573,1,1190.0,11.0,2012.0,1,36.0,2013.0,1,0,0,0,1,4,7,10
574,1,4400.0,0.0,0.0,0,0.0,0.0,0,0,0,1,0,0,0,0
575,1,960.0,5.0,2008.0,1,13.0,2010.0,1,0,0,0,1,4,7,10
576,1,50.0,11.0,2006.0,0,0.0,0.0,0,0,1,0,0,0,0,0
577,3,2270.0,0.0,0.0,1,35.0,2012.0,1,0,0,0,3,6,9,12
578,1,12700.0,4.0,2013.0,0,0.0,0.0,0,0,0,1,0,0,0,0
579,1,20970.0,11.0,2012.0,0,0.0,0.0,0,0,1,0,0,0,0,0
580,3,170.0,2.0,2009.0,0,0.0,0.0,1,0,0,0,0,0,0,0
581,1,7250.0,12.0,2013.0,0,0.0,0.0,1,0,0,0,0,0,0,0
582,1,120.0,0.0,0.0,0,0.0,0.0,1,0,0,0,0,0,0,0
583,1,2640.0,11.0,2002.0,0,0.0,0.0,1,0,0,0,0,0,0,0
584,1,1360.0,0.0,0.0,1,35.0,2010.0,0,0,0,1,3,6,9,12
585,3,440.0,4.0,2014.0,0,0.0,0.0,0,0,0,1,0,0,0,0
586,3,250.0,10.0,2008.0,0,0.0,0.0,1,0,0,0,0,0,0,0
587,3,330.0,9.0,2006.0,1,14.0,2011.0,0,0,0,1,1,4,7,10
588,3,15720.0,3.0,2010.0,0,0.0,0.0,0,0,0,1,0,0,0,0
589,3,360.0,0.0,0.0,1,18.0,2013.0,1,0,0,0,2,5,8,11
590,3,4520.0,9.0,2010.0,1,31.0,2013.0,0,0,0,1,1,4,7,10
591,3,3340.0,0.0,0.0,1,22.0,2012.0,1,0,0,0,3,6,9,12
592,1,2540.0,6.0,2005.0,0,0.0,0.0,1,0,0,0,0,0,0,0
593,3,33060.0,3.0,2010.0,0,0.0,0.0,1,0,0,0,0,0,0,0
594,1,1790.0,10.0,2011.0,0,0.0,0.0,1,0,0,0,0,0,0,0
595,3,1130.0,6.0,2015.0,0,0.0,0.0,0,0,1,0,0,0,0,0
596,1,290.0,9.0,2006.0,0,0.0,0.0,0,0,1,0,0,0,0,0
597,1,150.0,9.0,2008.0,1,1.0,2012.0,1,0,0,0,3,6,9,12
598,1,550.0,12.0,2013.0,1,40.0,2014.0,0,0,1,0,1,4,7,10
599,3,580.0,11.0,2014.0,0,0.0,0.0,0,0,0,1,0,0,0,0
600,3,17340.0,6.0,2010.0,1,9.0,2011.0,0,0,0,1,2,5,8,11
601,1,8220.0,4.0,2014.0,1,14.0,2011.0,0,0,0,1,1,4,7,10
602,1,2710.0,7.0,2001.0,1,22.0,2012.0,1,0,0,0,3,6,9,12
603,1,340.0,4.0,2007.0,1,13.0,2010.0,1,0,0,0,1,4,7,10
604,1,10950.0,3.0,2014.0,0,0.0,0.0,0,0,0,1,0,0,0,0
605,1,10310.0,4.0,2003.0,1,37.0,2009.0,0,0,0,1,1,4,7,10
606,1,2260.0,11.0,2007.0,0,0.0,0.0,1,0,0,0,0,0,0,0
607,1,350.0,8.0,1999.0,1,14.0,2011.0,1,0,0,0,1,4,7,10
608,3,18370.0,2.0,2013.0,1,14.0,2011.0,1,0,0,0,1,4,7,10
609,1,2070.0,9.0,2007.0,0,0.0,0.0,1,0,0,0,0,0,0,0
610,1,660.0,1.0,2007.0,0,0.0,0.0,1,0,0,0,0,0,0,0
611,1,8080.0,12.0,2002.0,1,40.0,2014.0,1,0,0,0,1,4,7,10
612,3,2490.0,11.0,2012.0,1,31.0,2009.0,0,0,0,1,1,4,7,10
613,1,250.0,6.0,2007.0,1,14.0,2011.0,0,0,1,0,1,4,7,10
614,1,1160.0,12.0,2012.0,0,0.0,0.0,1,0,0,0,0,0,0,0
615,1,730.0,8.0,2007.0,0,0.0,0.0,0,0,0,1,0,0,0,0
616,3,3040.0,8.0,2011.0,1,35.0,2010.0,1,0,0,0,3,6,9,12
617,3,8940.0,0.0,0.0,1,9.0,2011.0,1,0,0,0,1,4,7,10
618,3,9910.0,0.0,0.0,0,0.0,0.0,0,0,0,1,0,0,0,0
619,1,1600.0,6.0,2006.0,1,45.0,2009.0,1,0,0,0,2,5,8,11
620,3,5440.0,0.0,0.0,1,40.0,2014.0,0,0,0,1,1,4,7,10
621,1,30.0,7.0,2002.0,0,0.0,0.0,1,0,0,0,0,0,0,0
622,3,0.0,0.0,0.0,0,0.0,0.0,1,0,0,0,0,0,0,0
623,1,4080.0,3.0,2011.0,1,13.0,2010.0,1,0,0,0,1,4,7,10
624,3,6920.0,9.0,2011.0,0,0.0,0.0,1,0,0,0,0,0,0,0
625,1,1170.0,4.0,2011.0,1,22.0,2012.0,1,0,0,0,2,5,8,11
626,3,10740.0,11.0,2013.0,0,0.0,0.0,0,0,1,0,0,0,0,0
627,3,3970.0,3.0,2010.0,0,0.0,0.0,0,0,1,0,0,0,0,0
628,3,2180.0,0.0,0.0,0,0.0,0.0,1,0,0,0,0,0,0,0
629,1,510.0,7.0,2014.0,1,23.0,2015.0,0,0,0,1,3,6,9,12
630,1,1690.0,4.0,2015.0,0,0.0,0.0,1,0,0,0,0,0,0,0
631,3,2870.0,0.0,0.0,1,35.0,2012.0,0,0,0,1,3,6,9,12
632,1,3350.0,2.0,2010.0,0,0.0,0.0,1,0,0,0,0,0,0,0
633,1,11640.0,4.0,2005.0,1,22.0,2011.0,0,0,0,1,1,4,7,10
634,1,18610.0,0.0,0.0,0,0.0,0.0,0,0,0,1,0,0,0,0
635,1,27530.0,4.0,2014.0,0,0.0,0.0,1,0,0,0,0,0,0,0
636,1,720.0,10.0,2004.0,1,13.0,2010.0,0,0,1,0,1,4,7,10
637,3,9790.0,0.0,0.0,1,31.0,2009.0,0,0,0,1,2,5,8,11
638,1,10170.0,11.0,2001.0,0,0.0,0.0,0,0,0,1,0,0,0,0
639,1,7780.0,11.0,2006.0,0,0.0,0.0,1,0,0,0,0,0,0,0
640,3,8040.0,0.0,0.0,0,0.0,0.0,0,0,0,1,0,0,0,0
641,3,610.0,12.0,2003.0,1,36.0,2013.0,1,0,0,0,3,6,9,12
642,3,530.0,4.0,2005.0,1,35.0,2010.0,0,0,1,0,3,6,9,12
643,1,230.0,6.0,2010.0,1,18.0,2010.0,1,0,0,0,2,5,8,11
644,1,4030.0,12.0,2004.0,1,14.0,2011.0,0,0,1,0,1,4,7,10
645,1,90.0,0.0,0.0,1,45.0,2009.0,1,0,0,0,2,5,8,11
646,1,620.0,9.0,2014.0,0,0.0,0.0,1,0,0,0,0,0,0,0
647,3,7420.0,4.0,2013.0,0,0.0,0.0,1,0,0,0,0,0,0,0
648,1,2130.0,12.0,2008.0,0,0.0,0.0,0,0,0,1,0,0,0,0
649,1,14570.0,11.0,2002.0,0,0.0,0.0,1,0,0,0,0,0,0,0
650,1,1420.0,10.0,2012.0,1,40.0,2014.0,1,0,0,0,1,4,7,10
651,1,200.0,0.0,0.0,0,0.0,0.0,1,0,0,0,0,0,0,0
652,1,20390.0,0.0,0.0,0,0.0,0.0,1,0,0,0,0,0,0,0
653,3,7520.0,7.0,2014.0,1,45.0,2009.0,0,0,0,1,2,5,8,11
654,1,6930.0,9.0,2006.0,0,0.0,0.0,0,0,1,0,0,0,0,0
655,3,960.0,11.0,2012.0,1,5.0,2013.0,0,0,0,1,2,5,8,11
656,1,410.0,4.0,2009.0,1,13.0,2010.0,0,0,0,1,1,4,7,10
657,3,80.0,1.0,2006.0,1,10.0,2014.0,0,0,1,0,1,4,7,10
658,3,520.0,0.0,0.0,1,37.0,2009.0,0,0,0,1,1,4,7,10
659,1,1590.0,3.0,2012.0,0,0.0,0.0,0,0,0,1,0,0,0,0
660,1,1200.0,11.0,2006.0,1,40.0,2014.0,1,0,0,0,1,4,7,10
661,3,2140.0,7.0,2013.0,0,0.0,0.0,0,0,0,1,0,0,0,0
662,1,1070.0,0.0,0.0,0,0.0,0.0,0,0,0,1,0,0,0,0
663,3,7860.0,5.0,2005.0,0,0.0,0.0,1,0,0,0,0,0,0,0
664,3,1680.0,10.0,2005.0,0,0.0,0.0,0,0,0,1,0,0,0,0
665,1,90.0,12.0,2012.0,1,14.0,2011.0,1,0,0,0,1,4,7,10
666,3,2700.0,0.0,0.0,1,9.0,2011.0,0,0,1,0,3,6,9,12
667,3,2870.0,9.0,2012.0,0,0.0,0.0,0,0,0,1,0,0,0,0
668,1,1270.0,9.0,2010.0,0,0.0,0.0,0,0,1,0,0,0,0,0
669,1,17080.0,7.0,2012.0,1,31.0,2013.0,0,0,0,1,1,4,7,10
670,1,2060.0,0.0,0.0,1,45.0,2009.0,1,0,0,0,2,5,8,11
671,3,2070.0,2.0,2008.0,1,39.0,2010.0,1,0,0,0,1,4,7,10
672,1,240.0,9.0,2002.0,0,0.0,0.0,0,0,1,0,0,0,0,0
673,3,15170.0,0.0,0.0,1,5.0,2013.0,0,0,0,1,2,5,8,11
674,1,2640.0,12.0,2005.0,1,31.0,2013.0,1,0,0,0,2,5,8,11
675,1,2100.0,8.0,2013.0,1,14.0,2011.0,1,0,0,0,1,4,7,10
676,2,1410.0,9.0,2008.0,0,0.0,0.0,0,1,0,0,0,0,0,0
677,1,1740.0,6.0,2014.0,1,45.0,2009.0,0,0,0,1,2,5,8,11
678,1,3250.0,0.0,0.0,1,40.0,2011.0,0,0,1,0,1,4,7,10
679,1,4140.0,9.0,2012.0,0,0.0,0.0,1,0,0,0,0,0,0,0
680,1,170.0,0.0,0.0,1,35.0,2012.0,0,0,1,0,3,6,9,12
681,3,620.0,0.0,0.0,1,1.0,2014.0,1,0,0,0,3,6,9,12
682,1,150.0,9.0,2006.0,0,0.0,0.0,0,1,0,0,0,0,0,0
683,1,2850.0,7.0,2014.0,0,0.0,0.0,1,0,0,0,0,0,0,0
684,3,680.0,0.0,0.0,1,22.0,2012.0,0,0,0,1,1,4,7,10
685,1,650.0,11.0,2013.0,1,37.0,2009.0,1,0,0,0,1,4,7,10
686,1,20050.0,4.0,2002.0,0,0.0,0.0,1,0,0,0,0,0,0,0
687,3,2770.0,0.0,0.0,0,0.0,0.0,0,0,0,1,0,0,0,0
688,1,18760.0,8.0,2015.0,1,14.0,2011.0,1,0,0,0,1,4,7,10
689,1,15040.0,10.0,2004.0,0,0.0,0.0,0,0,0,1,0,0,0,0
690,1,100.0,0.0,0.0,0,0.0,0.0,1,0,0,0,0,0,0,0
691,3,3030.0,0.0,0.0,1,37.0,2009.0,0,0,0,1,1,4,7,10
692,1,40.0,8.0,2001.0,0,0.0,0.0,1,0,0,0,0,0,0,0
693,1,450.0,0.0,0.0,1,40.0,2011.0,0,0,0,1,1,4,7,10
694,3,460.0,11.0,2012.0,1,40.0,2014.0,1,0,0,0,1,4,7,10
695,1,550.0,7.0,2011.0,1,1.0,2012.0,1,0,0,0,1,4,7,10
696,3,430.0,0.0,0.0,0,0.0,0.0,1,0,0,0,0,0,0,0
697,1,3780.0,0.0,0.0,1,40.0,2011.0,0,0,0,1,1,4,7,10
698,1,1790.0,5.0,2011.0,0,0.0,0.0,1,0,0,0,0,0,0,0
699,1,180.0,0.0,0.0,1,5.0,2013.0,1,0,0,0,1,4,7,10
700,3,830.0,0.0,0.0,1,27.0,2013.0,1,0,0,0,1,4,7,10
701,1,1450.0,3.0,2012.0,1,14.0,2011.0,0,0,0,1,1,4,7,10
702,1,8550.0,9.0,2001.0,1,45.0,2009.0,1,0,0,0,2,5,8,11
703,1,80.0,6.0,2005.0,0,0.0,0.0,1,0,0,0,0,0,0,0
704,3,1910.0,4.0,2009.0,0,0.0,0.0,0,0,0,1,0,0,0,0
705,1,4140.0,9.0,2012.0,1,18.0,2011.0,1,0,0,0,2,5,8,11
706,1,7830.0,9.0,2014.0,1,10.0,2014.0,0,0,0,1,3,6,9,12
707,3,2900.0,7.0,1990.0,0,0.0,0.0,1,0,0,0,0,0,0,0
708,3,11470.0,10.0,2009.0,1,18.0,2014.0,0,0,1,0,1,4,7,10
709,1,500.0,12.0,2010.0,0,0.0,0.0,1,0,0,0,0,0,0,0
710,1,1500.0,9.0,2008.0,1,14.0,2011.0,0,0,0,1,1,4,7,10
711,1,17110.0,3.0,2007.0,1,5.0,2010.0,0,0,0,1,1,4,7,10
712,1,4870.0,9.0,2007.0,1,45.0,2009.0,1,0,0,0,1,4,7,10
713,3,220.0,0.0,0.0,1,10.0,2014.0,1,0,0,0,1,4,7,10
714,3,12070.0,10.0,2005.0,1,10.0,2013.0,0,0,0,1,1,4,7,10
715,1,14810.0,6.0,2014.0,0,0.0,0.0,1,0,0,0,0,0,0,0
716,1,3200.0,1.0,2008.0,1,22.0,2011.0,0,0,0,1,1,4,7,10
717,3,310.0,0.0,0.0,1,40.0,2011.0,0,0,0,1,1,4,7,10
718,1,1100.0,6.0,2015.0,0,0.0,0.0,1,0,0,0,0,0,0,0
719,3,8190.0,0.0,0.0,1,45.0,2009.0,0,0,1,0,2,5,8,11
720,3,15320.0,3.0,2011.0,1,14.0,2013.0,1,0,0,0,2,5,8,11
721,3,3590.0,9.0,2012.0,1,22.0,2012.0,1,0,0,0,3,6,9,12
722,1,50.0,0.0,0.0,0,0.0,0.0,1,0,0,0,0,0,0,0
723,3,5650.0,9.0,2008.0,1,5.0,2013.0,0,0,0,1,2,5,8,11
724,3,5900.0,0.0,0.0,0,0.0,0.0,0,0,0,1,0,0,0,0
725,3,17540.0,6.0,2012.0,0,0.0,0.0,0,0,0,1,0,0,0,0
726,3,40540.0,2.0,2002.0,0,0.0,0.0,1,0,0,0,0,0,0,0
727,1,2050.0,3.0,2007.0,0,0.0,0.0,1,0,0,0,0,0,0,0
728,1,13990.0,0.0,0.0,1,14.0,2011.0,0,0,0,1,1,4,7,10
729,3,8980.0,6.0,2011.0,0,0.0,0.0,0,0,1,0,0,0,0,0
730,1,1190.0,9.0,2013.0,0,0.0,0.0,0,0,1,0,0,0,0,0
731,1,15270.0,0.0,0.0,1,10.0,2014.0,1,0,0,0,1,4,7,10
732,3,35280.0,0.0,0.0,0,0.0,0.0,1,0,0,0,0,0,0,0
733,2,860.0,10.0,1999.0,0,0.0,0.0,0,1,0,0,0,0,0,0
734,1,220.0,0.0,0.0,1,36.0,2013.0,1,0,0,0,3,6,9,12
735,3,1920.0,4.0,2005.0,0,0.0,0.0,0,0,0,1,0,0,0,0
736,3,1650.0,0.0,0.0,1,14.0,2011.0,0,0,1,0,1,4,7,10
737,1,100.0,5.0,2007.0,1,31.0,2013.0,1,0,0,0,1,4,7,10
738,3,5980.0,10.0,2005.0,0,0.0,0.0,0,0,0,1,0,0,0,0
739,3,2770.0,6.0,2008.0,1,22.0,2011.0,0,0,0,1,1,4,7,10
740,1,6400.0,3.0,2014.0,0,0.0,0.0,0,0,0,1,0,0,0,0
741,3,11900.0,0.0,0.0,0,0.0,0.0,0,0,0,1,0,0,0,0
742,3,4380.0,0.0,0.0,0,0.0,0.0,0,0,0,1,0,0,0,0
743,1,6710.0,11.0,2003.0,1,14.0,2012.0,1,0,0,0,1,4,7,10
744,1,1370.0,12.0,2011.0,1,40.0,2014.0,1,0,0,0,1,4,7,10
745,1,17650.0,11.0,2013.0,1,37.0,2009.0,1,0,0,0,1,4,7,10
746,3,4330.0,2.0,2011.0,1,35.0,2011.0,0,0,0,1,3,6,9,12
747,3,45740.0,8.0,2008.0,0,0.0,0.0,0,0,1,0,0,0,0,0
748,1,2380.0,3.0,2010.0,1,14.0,2011.0,0,0,0,1,1,4,7,10
749,1,3410.0,8.0,2011.0,1,14.0,2015.0,1,0,0,0,1,4,7,10
750,1,8670.0,2.0,2002.0,1,14.0,2011.0,0,0,0,1,1,4,7,10
751,1,650.0,10.0,2006.0,0,0.0,0.0,1,0,0,0,0,0,0,0
752,1,970.0,3.0,2013.0,1,31.0,2013.0,1,0,0,0,2,5,8,11
753,3,540.0,11.0,2012.0,1,35.0,2010.0,0,0,0,1,3,6,9,12
754,3,380.0,5.0,2008.0,1,10.0,2014.0,0,0,1,0,3,6,9,12
755,3,13130.0,12.0,2003.0,0,0.0,0.0,0,0,0,1,0,0,0,0
756,3,50.0,0.0,0.0,1,40.0,2011.0,1,0,0,0,1,4,7,10
757,3,3450.0,0.0,0.0,0,0.0,0.0,1,0,0,0,0,0,0,0
758,3,19780.0,6.0,2008.0,0,0.0,0.0,1,0,0,0,0,0,0,0
759,1,110.0,11.0,2012.0,1,31.0,2013.0,1,0,0,0,2,5,8,11
760,1,560.0,1.0,2011.0,0,0.0,0.0,1,0,0,0,0,0,0,0
761,1,2390.0,9.0,2012.0,0,0.0,0.0,1,0,0,0,0,0,0,0
762,3,1280.0,0.0,0.0,1,10.0,2013.0,0,0,0,1,3,6,9,12
763,3,32240.0,3.0,2010.0,0,0.0,0.0,0,0,0,1,0,0,0,0
764,3,26490.0,0.0,0.0,1,10.0,2014.0,1,0,0,0,3,6,9,12
765,3,25430.0,5.0,1999.0,1,37.0,2009.0,1,0,0,0,1,4,7,10
766,3,9820.0,0.0,0.0,0,0.0,0.0,0,0,0,1,0,0,0,0
767,3,13080.0,0.0,0.0,0,0.0,0.0,1,0,0,0,0,0,0,0
768,3,2630.0,9.0,2012.0,0,0.0,0.0,1,0,0,0,0,0,0,0
769,2,840.0,0.0,0.0,1,48.0,2012.0,0,1,0,0,1,4,7,10
770,3,100.0,4.0,2015.0,0,0.0,0.0,1,0,0,0,0,0,0,0
771,1,20640.0,9.0,2007.0,0,0.0,0.0,1,0,0,0,0,0,0,0
772,3,1850.0,0.0,0.0,0,0.0,0.0,0,0,0,1,0,0,0,0
773,1,200.0,0.0,0.0,0,0.0,0.0,1,0,0,0,0,0,0,0
774,3,640.0,9.0,2013.0,0,0.0,0.0,1,0,0,0,0,0,0,0
775,3,6970.0,12.0,2005.0,1,22.0,2011.0,0,0,0,1,1,4,7,10
776,1,700.0,4.0,2009.0,1,14.0,2011.0,0,0,1,0,1,4,7,10
777,3,8250.0,10.0,2004.0,1,10.0,2013.0,0,0,0,1,3,6,9,12
778,1,340.0,6.0,2003.0,1,40.0,2014.0,1,0,0,0,1,4,7,10
779,1,16990.0,4.0,2004.0,0,0.0,0.0,1,0,0,0,0,0,0,0
780,1,18160.0,0.0,0.0,0,0.0,0.0,1,0,0,0,0,0,0,0
781,1,630.0,4.0,2007.0,0,0.0,0.0,1,0,0,0,0,0,0,0
782,3,5390.0,8.0,2003.0,1,1.0,2012.0,0,0,1,0,1,4,7,10
783,3,15490.0,0.0,0.0,0,0.0,0.0,0,0,0,1,0,0,0,0
784,1,560.0,10.0,2014.0,1,10.0,2014.0,1,0,0,0,1,4,7,10
785,3,970.0,7.0,2005.0,1,31.0,2013.0,0,0,0,1,2,5,8,11
786,1,290.0,11.0,2006.0,1,5.0,2013.0,1,0,0,0,2,5,8,11
787,3,3210.0,6.0,2009.0,0,0.0,0.0,0,0,1,0,0,0,0,0
788,3,1530.0,3.0,2013.0,0,0.0,0.0,1,0,0,0,0,0,0,0
789,3,9770.0,7.0,2003.0,0,0.0,0.0,1,0,0,0,0,0,0,0
790,3,9070.0,12.0,2003.0,0,0.0,0.0,0,0,0,1,0,0,0,0
791,1,5950.0,4.0,2007.0,0,0.0,0.0,1,0,0,0,0,0,0,0
792,1,17280.0,10.0,2009.0,1,18.0,2011.0,0,0,0,1,2,5,8,11
793,1,2710.0,7.0,2006.0,0,0.0,0.0,0,0,0,1,0,0,0,0
794,3,5090.0,9.0,2006.0,0,0.0,0.0,0,0,1,0,0,0,0,0
795,1,510.0,0.0,0.0,1,35.0,2010.0,0,0,0,1,3,6,9,12
796,3,7180.0,11.0,2012.0,0,0.0,0.0,1,0,0,0,0,0,0,0
797,1,2090.0,10.0,2012.0,1,40.0,2014.0,1,0,0,0,1,4,7,10
798,1,9560.0,4.0,2001.0,0,0.0,0.0,1,0,0,0,0,0,0,0
799,3,2700.0,0.0,0.0,0,0.0,0.0,1,0,0,0,0,0,0,0
800,1,2020.0,7.0,2014.0,0,0.0,0.0,0,0,0,1,0,0,0,0
801,1,48330.0,4.0,2013.0,0,0.0,0.0,0,0,0,1,0,0,0,0
802,3,910.0,0.0,0.0,1,22.0,2011.0,1,0,0,0,2,5,8,11
803,1,1760.0,0.0,0.0,1,10.0,2014.0,0,0,0,1,3,6,9,12
804,3,2100.0,0.0,0.0,1,1.0,2013.0,0,0,1,0,1,4,7,10
805,1,24770.0,10.0,2011.0,1,10.0,2014.0,0,0,0,1,3,6,9,12
806,1,260.0,0.0,0.0,1,44.0,2010.0,0,0,0,1,2,5,8,11
807,1,3870.0,4.0,2008.0,0,0.0,0.0,1,0,0,0,0,0,0,0
808,1,18620.0,0.0,0.0,1,31.0,2009.0,1,0,0,0,2,5,8,11
809,1,12770.0,10.0,2000.0,0,0.0,0.0,1,0,0,0,0,0,0,0
810,3,9640.0,11.0,2013.0,0,0.0,0.0,0,0,0,1,0,0,0,0
811,1,410.0,9.0,2012.0,0,0.0,0.0,1,0,0,0,0,0,0,0
812,1,2590.0,9.0,2012.0,0,0.0,0.0,0,0,0,1,0,0,0,0
813,1,1560.0,9.0,2003.0,0,0.0,0.0,1,0,0,0,0,0,0,0
814,3,24530.0,7.0,2013.0,0,0.0,0.0,0,0,0,1,0,0,0,0
815,1,590.0,1.0,1900.0,1,40.0,2014.0,1,0,0,0,1,4,7,10
816,3,460.0,0.0,0.0,0,0.0,0.0,0,0,1,0,0,0,0,0
817,1,140.0,3.0,2006.0,0,0.0,0.0,1,0,0,0,0,0,0,0
818,1,490.0,0.0,0.0,1,35.0,2010.0,0,0,0,1,3,6,9,12
819,3,720.0,10.0,2014.0,0,0.0,0.0,1,0,0,0,0,0,0,0
820,3,1650.0,0.0,0.0,1,40.0,2014.0,1,0,0,0,1,4,7,10
821,1,1700.0,9.0,2009.0,0,0.0,0.0,1,0,0,0,0,0,0,0
822,3,410.0,11.0,2010.0,1,48.0,2010.0,1,0,0,0,3,6,9,12
823,3,16210.0,11.0,2010.0,0,0.0,0.0,1,0,0,0,0,0,0,0
824,1,17570.0,0.0,0.0,0,0.0,0.0,1,0,0,0,0,0,0,0
825,1,380.0,5.0,2011.0,1,40.0,2014.0,1,0,0,0,1,4,7,10
826,3,7980.0,6.0,2005.0,0,0.0,0.0,1,0,0,0,0,0,0,0
827,3,250.0,1.0,2005.0,0,0.0,0.0,1,0,0,0,0,0,0,0
828,3,3290.0,12.0,2014.0,0,0.0,0.0,0,0,0,1,0,0,0,0
829,1,110.0,0.0,0.0,0,0.0,0.0,0,0,1,0,0,0,0,0
830,3,6320.0,0.0,0.0,1,5.0,2011.0,1,0,0,0,1,4,7,10
831,1,800.0,6.0,2007.0,0,0.0,0.0,1,0,0,0,0,0,0,0
832,1,5070.0,0.0,0.0,1,45.0,2009.0,0,0,0,1,2,5,8,11
833,3,3290.0,12.0,1999.0,1,35.0,2010.0,0,0,0,1,3,6,9,12
834,1,3470.0,3.0,2012.0,0,0.0,0.0,1,0,0,0,0,0,0,0
835,1,2890.0,12.0,2007.0,1,10.0,2014.0,1,0,0,0,3,6,9,12
836,1,2720.0,9.0,2012.0,0,0.0,0.0,1,0,0,0,0,0,0,0
837,3,14600.0,4.0,2015.0,0,0.0,0.0,1,0,0,0,0,0,0,0
838,3,6890.0,0.0,0.0,1,48.0,2011.0,0,0,0,1,3,6,9,12
839,1,240.0,1.0,2015.0,0,0.0,0.0,0,0,1,0,0,0,0,0
840,1,1070.0,9.0,2009.0,0,0.0,0.0,1,0,0,0,0,0,0,0
841,1,27650.0,8.0,2004.0,0,0.0,0.0,1,0,0,0,0,0,0,0
842,3,1200.0,11.0,2007.0,0,0.0,0.0,0,0,0,1,0,0,0,0
843,1,60.0,4.0,2006.0,0,0.0,0.0,0,0,1,0,0,0,0,0
844,1,2030.0,9.0,2012.0,1,18.0,2011.0,1,0,0,0,2,5,8,11
845,1,7860.0,11.0,2005.0,1,14.0,2011.0,0,0,0,1,1,4,7,10
846,3,8860.0,4.0,2004.0,1,37.0,2009.0,1,0,0,0,1,4,7,10
847,3,190.0,0.0,0.0,1,31.0,2013.0,0,0,1,0,2,5,8,11
848,3,370.0,7.0,2007.0,1,14.0,2011.0,1,0,0,0,1,4,7,10
849,3,5000.0,0.0,0.0,0,0.0,0.0,0,0,1,0,0,0,0,0
850,1,1120.0,5.0,2007.0,1,31.0,2013.0,0,0,0,1,1,4,7,10
851,3,2330.0,0.0,0.0,1,49.0,2014.0,0,0,0,1,3,6,9,12
852,1,940.0,4.0,2004.0,1,14.0,2011.0,0,0,1,0,1,4,7,10
853,1,14040.0,0.0,0.0,0,0.0,0.0,1,0,0,0,0,0,0,0
854,1,4770.0,0.0,0.0,1,13.0,2010.0,0,0,1,0,1,4,7,10
855,1,3440.0,0.0,0.0,1,45.0,2009.0,1,0,0,0,2,5,8,11
856,1,3020.0,2.0,2010.0,0,0.0,0.0,1,0,0,0,0,0,0,0
857,1,6270.0,8.0,2005.0,1,23.0,2014.0,0,0,1,0,3,6,9,12
858,1,3370.0,12.0,2008.0,1,40.0,2014.0,1,0,0,0,1,4,7,10
859,1,21770.0,7.0,2015.0,0,0.0,0.0,0,0,1,0,0,0,0,0
860,3,5980.0,2.0,2010.0,0,0.0,0.0,0,0,1,0,0,0,0,0
861,3,740.0,0.0,0.0,1,14.0,2013.0,0,0,1,0,3,6,9,12
862,3,2840.0,3.0,2010.0,1,14.0,2011.0,1,0,0,0,1,4,7,10
863,3,21370.0,11.0,2010.0,0,0.0,0.0,1,0,0,0,0,0,0,0
864,1,1020.0,10.0,2012.0,1,45.0,2009.0,1,0,0,0,2,5,8,11
865,3,2640.0,0.0,0.0,0,0.0,0.0,0,0,0,1,0,0,0,0
866,1,9680.0,0.0,0.0,1,5.0,2013.0,0,0,0,1,2,5,8,11
867,3,21810.0,9.0,2012.0,0,0.0,0.0,0,0,0,1,0,0,0,0
868,3,1360.0,8.0,2005.0,1,10.0,2014.0,0,0,0,1,1,4,7,10
869,1,230.0,10.0,2001.0,1,14.0,2011.0,0,0,1,0,1,4,7,10
870,1,780.0,4.0,2009.0,0,0.0,0.0,1,0,0,0,0,0,0,0
871,3,10620.0,0.0,0.0,0,0.0,0.0,0,0,0,1,0,0,0,0
872,3,3860.0,9.0,2014.0,1,23.0,2015.0,1,0,0,0,3,6,9,12
873,1,2040.0,11.0,2008.0,0,0.0,0.0,1,0,0,0,0,0,0,0
874,1,3210.0,0.0,0.0,0,0.0,0.0,1,0,0,0,0,0,0,0
875,1,5070.0,11.0,2007.0,1,18.0,2015.0,0,0,0,1,2,5,8,11
876,1,21790.0,4.0,2005.0,1,18.0,2015.0,1,0,0,0,2,5,8,11
877,3,29190.0,0.0,0.0,0,0.0,0.0,1,0,0,0,0,0,0,0
878,3,1100.0,12.0,2014.0,0,0.0,0.0,0,0,0,1,0,0,0,0
879,1,0.0,0.0,0.0,1,5.0,2013.0,0,0,0,1,2,5,8,11
880,3,4570.0,0.0,0.0,0,0.0,0.0,1,0,0,0,0,0,0,0
881,1,180.0,3.0,2008.0,1,31.0,2013.0,1,0,0,0,2,5,8,11
882,1,30.0,4.0,2013.0,0,0.0,0.0,1,0,0,0,0,0,0,0
883,1,3200.0,6.0,2005.0,0,0.0,0.0,1,0,0,0,0,0,0,0
884,3,7550.0,0.0,0.0,0,0.0,0.0,0,0,0,1,0,0,0,0
885,1,480.0,12.0,2005.0,0,0.0,0.0,1,0,0,0,0,0,0,0
886,3,12430.0,10.0,2004.0,0,0.0,0.0,1,0,0,0,0,0,0,0
887,1,19700.0,0.0,0.0,1,37.0,2009.0,0,0,0,1,1,4,7,10
888,1,4450.0,6.0,2012.0,1,35.0,2012.0,0,0,0,1,3,6,9,12
889,1,18670.0,12.0,2005.0,0,0.0,0.0,0,0,0,1,0,0,0,0
890,1,4450.0,0.0,0.0,1,14.0,2011.0,1,0,0,0,1,4,7,10
891,3,350.0,0.0,0.0,1,31.0,2013.0,1,0,0,0,2,5,8,11
892,1,19370.0,4.0,2002.0,0,0.0,0.0,1,0,0,0,0,0,0,0
893,1,130.0,0.0,0.0,1,1.0,2013.0,1,0,0,0,1,4,7,10
894,1,190.0,11.0,2012.0,0,0.0,0.0,1,0,0,0,0,0,0,0
895,3,4150.0,0.0,0.0,0,0.0,0.0,1,0,0,0,0,0,0,0
896,3,170.0,9.0,2012.0,0,0.0,0.0,1,0,0,0,0,0,0,0
897,3,3290.0,1.0,2007.0,1,5.0,2013.0,0,0,1,0,2,5,8,11
898,1,18540.0,0.0,0.0,0,0.0,0.0,1,0,0,0,0,0,0,0
899,1,2590.0,0.0,0.0,1,13.0,2010.0,0,0,0,1,1,4,7,10
900,1,3920.0,4.0,2005.0,1,40.0,2014.0,1,0,0,0,1,4,7,10
901,3,3170.0,4.0,2014.0,0,0.0,0.0,1,0,0,0,0,0,0,0
902,1,310.0,5.0,2015.0,1,40.0,2014.0,1,0,0,0,1,4,7,10
903,3,7290.0,9.0,2014.0,0,0.0,0.0,0,0,0,1,0,0,0,0
904,3,570.0,7.0,2013.0,1,14.0,2011.0,0,0,0,1,1,4,7,10
905,1,90.0,6.0,2014.0,0,0.0,0.0,1,0,0,0,0,0,0,0
906,1,90.0,7.0,2010.0,0,0.0,0.0,1,0,0,0,0,0,0,0
907,3,250.0,0.0,0.0,0,0.0,0.0,1,0,0,0,0,0,0,0
908,1,1980.0,7.0,2010.0,1,37.0,2009.0,1,0,0,0,1,4,7,10
909,3,1680.0,0.0,0.0,1,45.0,2009.0,1,0,0,0,2,5,8,11
910,3,12480.0,0.0,0.0,1,1.0,2013.0,0,0,0,1,1,4,7,10
911,3,16490.0,0.0,0.0,0,0.0,0.0,1,0,0,0,0,0,0,0
912,3,3100.0,5.0,2010.0,0,0.0,0.0,0,0,1,0,0,0,0,0
913,1,280.0,0.0,0.0,0,0.0,0.0,1,0,0,0,0,0,0,0
914,3,2640.0,4.0,2011.0,1,22.0,2012.0,0,0,1,0,3,6,9,12
915,3,650.0,3.0,2013.0,1,40.0,2014.0,0,0,0,1,1,4,7,10
916,1,90.0,11.0,2012.0,0,0.0,0.0,1,0,0,0,0,0,0,0
917,1,7240.0,2.0,2010.0,0,0.0,0.0,1,0,0,0,0,0,0,0
918,3,18710.0,4.0,2015.0,0,0.0,0.0,1,0,0,0,0,0,0,0
919,1,2620.0,0.0,0.0,1,45.0,2009.0,1,0,0,0,2,5,8,11
920,1,850.0,2.0,2012.0,1,40.0,2014.0,1,0,0,0,1,4,7,10
921,1,840.0,9.0,2006.0,0,0.0,0.0,1,0,0,0,0,0,0,0
922,1,2110.0,3.0,2006.0,0,0.0,0.0,0,0,0,1,0,0,0,0
923,1,280.0,9.0,2008.0,0,0.0,0.0,1,0,0,0,0,0,0,0
924,1,6420.0,4.0,2011.0,1,1.0,2012.0,1,0,0,0,1,4,7,10
925,1,470.0,3.0,2007.0,1,1.0,2012.0,0,0,1,0,1,4,7,10
926,3,5150.0,3.0,2011.0,1,13.0,2010.0,0,0,0,1,1,4,7,10
927,1,480.0,0.0,0.0,0,0.0,0.0,1,0,0,0,0,0,0,0
928,3,1090.0,0.0,0.0,1,31.0,2013.0,0,0,0,1,2,5,8,11
929,3,4820.0,9.0,2013.0,0,0.0,0.0,1,0,0,0,0,0,0,0
930,1,70.0,0.0,0.0,0,0.0,0.0,1,0,0,0,0,0,0,0
931,3,1480.0,9.0,2011.0,1,1.0,2012.0,1,0,0,0,1,4,7,10
932,1,15700.0,0.0,0.0,1,13.0,2010.0,1,0,0,0,1,4,7,10
933,3,6270.0,2.0,2005.0,0,0.0,0.0,1,0,0,0,0,0,0,0
934,3,5460.0,0.0,0.0,1,14.0,2011.0,1,0,0,0,1,4,7,10
935,3,22350.0,6.0,2010.0,0,0.0,0.0,1,0,0,0,0,0,0,0
936,1,580.0,2.0,2008.0,0,0.0,0.0,1,0,0,0,0,0,0,0
937,1,2810.0,0.0,0.0,1,10.0,2014.0,0,0,0,1,1,4,7,10
938,1,2820.0,9.0,2009.0,0,0.0,0.0,1,0,0,0,0,0,0,0
939,1,1340.0,0.0,0.0,0,0.0,0.0,0,0,0,1,0,0,0,0
940,3,6470.0,9.0,2012.0,0,0.0,0.0,0,0,0,1,0,0,0,0
941,1,1200.0,12.0,2011.0,1,31.0,2013.0,1,0,0,0,1,4,7,10
942,3,6860.0,0.0,0.0,1,18.0,2011.0,0,0,0,1,1,4,7,10
943,3,18020.0,0.0,0.0,0,0.0,0.0,0,0,0,1,0,0,0,0
944,1,1670.0,7.0,2015.0,0,0.0,0.0,0,0,1,0,0,0,0,0
945,3,12480.0,3.0,2011.0,0,0.0,0.0,1,0,0,0,0,0,0,0
946,1,2220.0,12.0,2011.0,1,14.0,2015.0,1,0,0,0,1,4,7,10
947,1,460.0,3.0,2014.0,1,13.0,2010.0,1,0,0,0,1,4,7,10
948,2,1430.0,0.0,0.0,0,0.0,0.0,0,1,0,0,0,0,0,0
949,1,870.0,3.0,2006.0,0,0.0,0.0,1,0,0,0,0,0,0,0
950,1,8460.0,11.0,1994.0,0,0.0,0.0,1,0,0,0,0,0,0,0
951,3,710.0,0.0,0.0,1,40.0,2011.0,0,0,0,1,1,4,7,10
952,3,6300.0,10.0,2013.0,0,0.0,0.0,0,0,0,1,0,0,0,0
953,1,19830.0,4.0,2006.0,1,22.0,2011.0,1,0,0,0,3,6,9,12
954,1,390.0,2.0,2013.0,1,10.0,2014.0,1,0,0,0,1,4,7,10
955,3,1690.0,7.0,2009.0,1,36.0,2013.0,0,0,0,1,3,6,9,12
956,1,2330.0,10.0,2014.0,1,18.0,2011.0,1,0,0,0,2,5,8,11
957,3,1420.0,11.0,2012.0,0,0.0,0.0,0,0,0,1,0,0,0,0
958,1,440.0,11.0,2013.0,0,0.0,0.0,1,0,0,0,0,0,0,0
959,3,1060.0,12.0,2005.0,0,0.0,0.0,1,0,0,0,0,0,0,0
960,1,8990.0,0.0,0.0,1,31.0,2009.0,0,0,0,1,2,5,8,11
961,3,9430.0,0.0,0.0,0,0.0,0.0,0,0,0,1,0,0,0,0
962,1,260.0,0.0,0.0,0,0.0,0.0,0,0,1,0,0,0,0,0
963,3,23620.0,11.0,2013.0,0,0.0,0.0,1,0,0,0,0,0,0,0
964,1,270.0,0.0,0.0,1,5.0,2013.0,1,0,0,0,2,5,8,11
965,3,110.0,0.0,0.0,0,0.0,0.0,1,0,0,0,0,0,0,0
966,1,760.0,2.0,2008.0,0,0.0,0.0,1,0,0,0,0,0,0,0
967,3,3560.0,9.0,2013.0,1,36.0,2013.0,1,0,0,0,1,4,7,10
968,1,1190.0,0.0,0.0,0,0.0,0.0,0,0,1,0,0,0,0,0
969,3,600.0,11.0,1999.0,1,10.0,2013.0,1,0,0,0,1,4,7,10
970,1,910.0,12.0,2014.0,1,37.0,2009.0,1,0,0,0,1,4,7,10
971,1,1140.0,5.0,2011.0,1,14.0,2012.0,0,0,1,0,3,6,9,12
972,1,14960.0,0.0,0.0,0,0.0,0.0,1,0,0,0,0,0,0,0
973,3,330.0,0.0,0.0,1,28.0,2012.0,0,0,0,1,1,4,7,10
974,1,150.0,3.0,2011.0,1,40.0,2014.0,1,0,0,0,1,4,7,10
975,3,9630.0,0.0,0.0,1,14.0,2011.0,1,0,0,0,1,4,7,10
976,1,4180.0,0.0,0.0,0,0.0,0.0,1,0,0,0,0,0,0,0
977,1,520.0,9.0,2005.0,1,13.0,2010.0,1,0,0,0,1,4,7,10
978,3,3890.0,0.0,0.0,0,0.0,0.0,0,0,1,0,0,0,0,0
979,3,2270.0,11.0,2005.0,1,14.0,2011.0,1,0,0,0,1,4,7,10
980,1,4420.0,9.0,2005.0,0,0.0,0.0,1,0,0,0,0,0,0,0
981,3,2620.0,11.0,2002.0,0,0.0,0.0,0,0,0,1,0,0,0,0
982,1,21930.0,0.0,0.0,0,0.0,0.0,0,0,0,1,0,0,0,0
983,1,40.0,3.0,2014.0,1,1.0,2014.0,1,0,0,0,1,4,7,10
984,1,440.0,0.0,0.0,1,1.0,2013.0,0,0,1,0,1,4,7,10
985,3,490.0,5.0,2007.0,1,13.0,2010.0,0,0,1,0,1,4,7,10
986,1,620.0,10.0,2014.0,1,18.0,2014.0,1,0,0,0,2,5,8,11
987,1,1690.0,6.0,2007.0,0,0.0,0.0,0,0,1,0,0,0,0,0
988,1,30.0,11.0,2012.0,0,0.0,0.0,1,0,0,0,0,0,0,0
989,1,1640.0,6.0,2006.0,1,40.0,2011.0,1,0,0,0,1,4,7,10
990,1,20930.0,0.0,0.0,0,0.0,0.0,0,0,0,1,0,0,0,0
991,1,1010.0,0.0,0.0,0,0.0,0.0,1,0,0,0,0,0,0,0
992,1,2480.0,7.0,1990.0,0,0.0,0.0,1,0,0,0,0,0,0,0
993,3,3460.0,10.0,2013.0,1,10.0,2014.0,0,0,0,1,1,4,7,10
994,1,2290.0,7.0,2011.0,1,1.0,2012.0,1,0,0,0,1,4,7,10
995,1,6560.0,12.0,2013.0,0,0.0,0.0,0,0,0,1,0,0,0,0
996,1,2870.0,7.0,2015.0,1,13.0,2010.0,0,0,1,0,1,4,7,10
997,3,5840.0,7.0,2010.0,1,37.0,2009.0,0,0,0,1,1,4,7,10
998,1,780.0,9.0,2005.0,1,5.0,2013.0,1,0,0,0,2,5,8,11
999,3,15140.0,2.0,2002.0,1,37.0,2009.0,0,0,0,1,1,4,7,10
1000,3,2230.0,5.0,2009.0,1,40.0,2014.0,1,0,0,0,1,4,7,10
1001,1,19640.0,0.0,0.0,1,14.0,2011.0,0,0,1,0,1,4,7,10
1002,3,1130.0,11.0,2008.0,0,0.0,0.0,0,0,0,1,0,0,0,0
1003,1,170.0,7.0,2013.0,1,27.0,2013.0,1,0,0,0,1,4,7,10
1004,3,970.0,0.0,0.0,1,9.0,2011.0,0,0,0,1,3,6,9,12
1005,1,6480.0,0.0,0.0,0,0.0,0.0,1,0,0,0,0,0,0,0
1006,3,3890.0,11.0,2006.0,1,5.0,2013.0,0,0,1,0,2,5,8,11
1007,3,4180.0,9.0,2012.0,0,0.0,0.0,0,0,1,0,0,0,0,0
1008,3,30.0,9.0,2010.0,0,0.0,0.0,1,0,0,0,0,0,0,0
1009,1,230.0,7.0,2004.0,1,10.0,2014.0,1,0,0,0,1,4,7,10
1010,3,4610.0,6.0,2010.0,1,18.0,2010.0,0,0,0,1,2,5,8,11
1011,3,490.0,9.0,2012.0,1,18.0,2011.0,1,0,0,0,2,5,8,11
1012,3,6330.0,6.0,2004.0,1,39.0,2010.0,0,0,0,1,1,4,7,10
1013,1,630.0,2.0,2015.0,1,31.0,2013.0,1,0,0,0,2,5,8,11
1014,3,210.0,0.0,0.0,1,31.0,2013.0,1,0,0,0,1,4,7,10
1015,3,9910.0,12.0,2010.0,1,9.0,2011.0,0,0,0,1,3,6,9,12
1016,3,550.0,0.0,0.0,1,35.0,2010.0,0,0,1,0,3,6,9,12
1017,1,110.0,11.0,2008.0,0,0.0,0.0,0,0,1,0,0,0,0,0
1018,3,140.0,9.0,2012.0,0,0.0,0.0,0,0,1,0,0,0,0,0
1019,3,2740.0,7.0,2014.0,1,13.0,2010.0,0,0,0,1,1,4,7,10
1020,1,40.0,8.0,2015.0,0,0.0,0.0,1,0,0,0,0,0,0,0
1021,1,1080.0,5.0,2011.0,0,0.0,0.0,1,0,0,0,0,0,0,0
1022,3,1520.0,0.0,0.0,0,0.0,0.0,1,0,0,0,0,0,0,0
1023,1,3740.0,2.0,2002.0,1,14.0,2011.0,0,0,1,0,1,4,7,10
1024,3,1990.0,1.0,2012.0,0,0.0,0.0,0,0,1,0,0,0,0,0
1025,1,720.0,11.0,2009.0,0,0.0,0.0,1,0,0,0,0,0,0,0
1026,1,450.0,6.0,2011.0,1,48.0,2012.0,0,0,1,0,3,6,9,12
1027,3,190.0,6.0,2008.0,1,40.0,2011.0,1,0,0,0,1,4,7,10
1028,1,150.0,0.0,0.0,1,31.0,2013.0,1,0,0,0,1,4,7,10
1029,1,1590.0,3.0,2006.0,0,0.0,0.0,1,0,0,0,0,0,0,0
1030,1,36410.0,4.0,2008.0,0,0.0,0.0,1,0,0,0,0,0,0,0
1031,1,590.0,5.0,2001.0,0,0.0,0.0,0,0,0,1,0,0,0,0
1032,3,270.0,2.0,2013.0,1,40.0,2012.0,0,0,0,1,1,4,7,10
1033,1,7680.0,3.0,2006.0,0,0.0,0.0,1,0,0,0,0,0,0,0
1034,1,13750.0,4.0,2015.0,0,0.0,0.0,1,0,0,0,0,0,0,0
1035,1,27150.0,0.0,0.0,0,0.0,0.0,1,0,0,0,0,0,0,0
1036,3,9560.0,0.0,0.0,1,36.0,2013.0,0,0,0,1,1,4,7,10
1037,3,150.0,0.0,0.0,0,0.0,0.0,1,0,0,0,0,0,0,0
1038,1,17290.0,10.0,2013.0,0,0.0,0.0,0,0,0,1,0,0,0,0
1039,3,70.0,6.0,1990.0,1,22.0,2012.0,1,0,0,0,3,6,9,12
1040,1,4030.0,2.0,2013.0,1,10.0,2014.0,1,0,0,0,1,4,7,10
1041,1,1600.0,8.0,2013.0,1,40.0,2014.0,0,0,1,0,1,4,7,10
1042,1,3440.0,0.0,0.0,1,31.0,2013.0,1,0,0,0,2,5,8,11
1043,1,420.0,3.0,2006.0,0,0.0,0.0,0,0,1,0,0,0,0,0
1044,1,240.0,4.0,2015.0,1,13.0,2010.0,0,0,1,0,1,4,7,10
1045,3,26990.0,12.0,2013.0,0,0.0,0.0,1,0,0,0,0,0,0,0
1046,3,29070.0,4.0,2005.0,0,0.0,0.0,0,0,0,1,0,0,0,0
1047,1,3750.0,0.0,0.0,1,45.0,2009.0,1,0,0,0,2,5,8,11
1048,3,1860.0,9.0,2012.0,1,40.0,2012.0,0,0,0,1,1,4,7,10
1049,1,370.0,7.0,2012.0,1,14.0,2011.0,1,0,0,0,1,4,7,10
1050,3,13170.0,8.0,2014.0,1,9.0,2011.0,0,0,0,1,3,6,9,12
1051,1,200.0,7.0,1998.0,1,1.0,2012.0,0,0,1,0,1,4,7,10
1052,3,5080.0,0.0,0.0,1,31.0,2013.0,1,0,0,0,2,5,8,11
1053,1,1710.0,7.0,2015.0,0,0.0,0.0,1,0,0,0,0,0,0,0
1054,3,13190.0,0.0,0.0,1,45.0,2013.0,1,0,0,0,2,5,8,11
1055,1,1980.0,4.0,2009.0,0,0.0,0.0,0,0,1,0,0,0,0,0
1056,3,5350.0,0.0,0.0,1,40.0,2012.0,0,0,0,1,1,4,7,10
1057,3,3230.0,11.0,2011.0,0,0.0,0.0,0,0,0,1,0,0,0,0
1058,3,180.0,0.0,0.0,1,35.0,2010.0,1,0,0,0,3,6,9,12
1059,1,3380.0,4.0,2013.0,0,0.0,0.0,0,0,1,0,0,0,0,0
1060,3,3430.0,0.0,0.0,1,31.0,2013.0,1,0,0,0,2,5,8,11
1061,3,8110.0,0.0,0.0,0,0.0,0.0,0,0,0,1,0,0,0,0
1062,1,190.0,9.0,2012.0,1,40.0,2012.0,0,0,0,1,2,5,8,11
1063,3,6250.0,0.0,0.0,0,0.0,0.0,1,0,0,0,0,0,0,0
1064,3,420.0,0.0,0.0,0,0.0,0.0,1,0,0,0,0,0,0,0
1065,1,1290.0,0.0,0.0,1,35.0,2011.0,1,0,0,0,3,6,9,12
1066,1,3350.0,0.0,0.0,0,0.0,0.0,1,0,0,0,0,0,0,0
1067,3,12020.0,7.0,2009.0,0,0.0,0.0,0,0,0,1,0,0,0,0
1068,3,5010.0,0.0,0.0,1,5.0,2013.0,0,0,0,1,1,4,7,10
1069,3,18050.0,0.0,0.0,1,14.0,2011.0,1,0,0,0,1,4,7,10
1070,3,400.0,10.0,2008.0,0,0.0,0.0,0,0,1,0,0,0,0,0
1071,1,820.0,3.0,2012.0,1,35.0,2012.0,1,0,0,0,3,6,9,12
1072,3,5380.0,8.0,2015.0,1,5.0,2010.0,1,0,0,0,2,5,8,11
1073,3,1710.0,0.0,0.0,1,44.0,2012.0,1,0,0,0,1,4,7,10
1074,3,3330.0,10.0,2001.0,1,14.0,2011.0,0,0,1,0,1,4,7,10
1075,3,1410.0,10.0,2013.0,0,0.0,0.0,1,0,0,0,0,0,0,0
1076,3,90.0,0.0,0.0,1,1.0,2013.0,1,0,0,0,1,4,7,10
1077,1,3750.0,11.0,2001.0,1,35.0,2010.0,1,0,0,0,3,6,9,12
1078,3,670.0,0.0,0.0,1,40.0,2011.0,0,0,0,1,1,4,7,10
1079,1,16680.0,0.0,0.0,1,37.0,2009.0,1,0,0,0,1,4,7,10
1080,1,2410.0,0.0,0.0,1,40.0,2014.0,1,0,0,0,1,4,7,10
1081,1,400.0,3.0,2006.0,0,0.0,0.0,0,1,0,0,0,0,0,0
1082,1,440.0,4.0,2002.0,0,0.0,0.0,0,0,1,0,0,0,0,0
1083,3,11540.0,0.0,0.0,1,5.0,2013.0,0,0,0,1,2,5,8,11
1084,1,190.0,0.0,0.0,1,13.0,2010.0,1,0,0,0,1,4,7,10
1085,1,4030.0,2.0,2015.0,0,0.0,0.0,0,0,1,0,0,0,0,0
1086,1,180.0,11.0,2013.0,1,18.0,2011.0,1,0,0,0,2,5,8,11
1087,3,2210.0,11.0,2011.0,0,0.0,0.0,0,0,0,1,0,0,0,0
1088,1,4300.0,3.0,2009.0,1,27.0,2013.0,1,0,0,0,1,4,7,10
1089,1,5220.0,5.0,2009.0,0,0.0,0.0,0,0,0,1,0,0,0,0
1090,1,330.0,0.0,0.0,1,14.0,2011.0,1,0,0,0,1,4,7,10
1091,3,9990.0,0.0,0.0,0,0.0,0.0,1,0,0,0,0,0,0,0
1092,1,300.0,7.0,2000.0,1,40.0,2014.0,1,0,0,0,1,4,7,10
1093,3,10450.0,6.0,2009.0,0,0.0,0.0,0,0,1,0,0,0,0,0
1094,1,2380.0,3.0,2013.0,1,40.0,2014.0,0,0,0,1,1,4,7,10
1095,1,690.0,6.0,2007.0,1,14.0,2011.0,1,0,0,0,1,4,7,10
1096,3,1130.0,0.0,0.0,1,10.0,2014.0,1,0,0,0,3,6,9,12
1097,2,720.0,3.0,2002.0,0,0.0,0.0,0,1,0,0,0,0,0,0
1098,1,1830.0,11.0,2004.0,0,0.0,0.0,1,0,0,0,0,0,0,0
1099,3,200.0,4.0,2013.0,1,14.0,2013.0,1,0,0,0,1,4,7,10
1100,1,540.0,0.0,0.0,1,14.0,2011.0,1,0,0,0,1,4,7,10
1101,3,4060.0,9.0,2012.0,0,0.0,0.0,0,0,0,1,0,0,0,0
1102,1,850.0,11.0,2012.0,1,40.0,2014.0,1,0,0,0,1,4,7,10
1103,3,1340.0,10.0,2006.0,1,5.0,2013.0,0,0,0,1,2,5,8,11
1104,1,260.0,2.0,2012.0,1,14.0,2011.0,0,0,0,1,1,4,7,10
1105,3,330.0,11.0,2008.0,1,5.0,2013.0,0,0,1,0,2,5,8,11
1106,3,5330.0,9.0,2011.0,1,31.0,2013.0,1,0,0,0,1,4,7,10
1107,1,1400.0,6.0,2012.0,1,13.0,2010.0,1,0,0,0,1,4,7,10
1108,1,540.0,4.0,2004.0,0,0.0,0.0,1,0,0,0,0,0,0,0
1109,1,3490.0,4.0,2011.0,1,22.0,2012.0,0,0,1,0,1,4,7,10
1110,3,900.0,9.0,2010.0,0,0.0,0.0,0,0,1,0,0,0,0,0
1111,1,1900.0,6.0,2014.0,1,31.0,2013.0,1,0,0,0,1,4,7,10
1112,3,1880.0,4.0,2006.0,0,0.0,0.0,0,0,1,0,0,0,0,0
1113,3,9260.0,0.0,0.0,0,0.0,0.0,1,0,0,0,0,0,0,0
1114,3,870.0,0.0,0.0,0,0.0,0.0,1,0,0,0,0,0,0,0
1115,3,5350.0,0.0,0.0,1,22.0,2012.0,0,0,0,1,3,6,9,12
