173,5,11034,1145,1,1,1,2015,7,31,0,0,0,1,350.0,12.0,2012.0,0,0.0,0.0,1,0,0,0,0,0,0,0
173,4,8416,939,1,1,1,2015,7,30,0,0,0,1,350.0,12.0,2012.0,0,0.0,0.0,1,0,0,0,0,0,0,0
173,3,8413,957,1,1,1,2015,7,29,0,0,0,1,350.0,12.0,2012.0,0,0.0,0.0,1,0,0,0,0,0,0,0
173,2,8897,998,1,1,1,2015,7,28,0,0,0,1,350.0,12.0,2012.0,0,0.0,0.0,1,0,0,0,0,0,0,0
173,1,11711,1146,1,1,1,2015,7,27,0,0,0,1,350.0,12.0,2012.0,0,0.0,0.0,1,0,0,0,0,0,0,0
173,7,0,0,0,0,0,2015,7,26,0,0,0,1,350.0,12.0,2012.0,0,0.0,0.0,1,0,0,0,0,0,0,0
173,6,5460,693,1,0,0,2015,7,25,0,0,0,1,350.0,12.0,2012.0,0,0.0,0.0,1,0,0,0,0,0,0,0
173,5,6627,864,1,0,1,2015,7,24,0,0,0,1,350.0,12.0,2012.0,0,0.0,0.0,1,0,0,0,0,0,0,0
173,4,6933,855,1,0,1,2015,7,23,0,0,0,1,350.0,12.0,2012.0,0,0.0,0.0,1,0,0,0,0,0,0,0
173,3,6483,835,1,0,1,2015,7,22,0,0,0,1,350.0,12.0,2012.0,0,0.0,0.0,1,0,0,0,0,0,0,0
173,2,5819,818,1,0,1,2015,7,21,0,0,0,1,350.0,12.0,2012.0,0,0.0,0.0,1,0,0,0,0,0,0,0
173,1,9022,1051,1,0,1,2015,7,20,0,0,0,1,350.0,12.0,2012.0,0,0.0,0.0,1,0,0,0,0,0,0,0
173,7,0,0,0,0,0,2015,7,19,0,0,0,1,350.0,12.0,2012.0,0,0.0,0.0,1,0,0,0,0,0,0,0
173,6,6064,778,1,0,0,2015,7,18,0,0,0,1,350.0,12.0,2012.0,0,0.0,0.0,1,0,0,0,0,0,0,0
173,5,8585,997,1,1,1,2015,7,17,0,0,0,1,350.0,12.0,2012.0,0,0.0,0.0,1,0,0,0,0,0,0,0
173,4,10587,1119,1,1,1,2015,7,16,0,0,0,1,350.0,12.0,2012.0,0,0.0,0.0,1,0,0,0,0,0,0,0
173,3,10032,1082,1,1,0,2015,7,15,0,0,0,1,350.0,12.0,2012.0,0,0.0,0.0,1,0,0,0,0,0,0,0
173,2,10154,1094,1,1,0,2015,7,14,0,0,0,1,350.0,12.0,2012.0,0,0.0,0.0,1,0,0,0,0,0,0,0
173,1,12340,1245,1,1,0,2015,7,13,0,0,0,1,350.0,12.0,2012.0,0,0.0,0.0,1,0,0,0,0,0,0,0
173,7,0,0,0,0,0,2015,7,12,0,0,0,1,350.0,12.0,2012.0,0,0.0,0.0,1,0,0,0,0,0,0,0
173,6,6714,802,1,0,0,2015,7,11,0,0,0,1,350.0,12.0,2012.0,0,0.0,0.0,1,0,0,0,0,0,0,0
173,5,6766,845,1,0,0,2015,7,10,0,0,0,1,350.0,12.0,2012.0,0,0.0,0.0,1,0,0,0,0,0,0,0
173,4,7704,940,1,0,0,2015,7,9,0,0,0,1,350.0,12.0,2012.0,0,0.0,0.0,1,0,0,0,0,0,0,0
173,3,6969,902,1,0,0,2015,7,8,0,0,0,1,350.0,12.0,2012.0,0,0.0,0.0,1,0,0,0,0,0,0,0
173,2,6385,878,1,0,0,2015,7,7,0,0,0,1,350.0,12.0,2012.0,0,0.0,0.0,1,0,0,0,0,0,0,0
173,1,8161,1053,1,0,0,2015,7,6,0,0,0,1,350.0,12.0,2012.0,0,0.0,0.0,1,0,0,0,0,0,0,0
173,7,0,0,0,0,0,2015,7,5,0,0,0,1,350.0,12.0,2012.0,0,0.0,0.0,1,0,0,0,0,0,0,0
173,6,5601,703,1,0,0,2015,7,4,0,0,0,1,350.0,12.0,2012.0,0,0.0,0.0,1,0,0,0,0,0,0,0
173,5,8855,1019,1,1,0,2015,7,3,0,0,0,1,350.0,12.0,2012.0,0,0.0,0.0,1,0,0,0,0,0,0,0
173,4,9447,1043,1,1,0,2015,7,2,0,0,0,1,350.0,12.0,2012.0,0,0.0,0.0,1,0,0,0,0,0,0,0
173,3,10684,1075,1,1,0,2015,7,1,0,0,0,1,350.0,12.0,2012.0,0,0.0,0.0,1,0,0,0,0,0,0,0
173,2,11652,1259,1,1,0,2015,6,30,0,0,0,1,350.0,12.0,2012.0,0,0.0,0.0,1,0,0,0,0,0,0,0
173,1,12288,1257,1,1,0,2015,6,29,0,0,0,1,350.0,12.0,2012.0,0,0.0,0.0,1,0,0,0,0,0,0,0
173,7,0,0,0,0,0,2015,6,28,0,0,0,1,350.0,12.0,2012.0,0,0.0,0.0,1,0,0,0,0,0,0,0
173,6,6091,745,1,0,0,2015,6,27,0,0,0,1,350.0,12.0,2012.0,0,0.0,0.0,1,0,0,0,0,0,0,0
173,5,6197,848,1,0,0,2015,6,26,0,0,0,1,350.0,12.0,2012.0,0,0.0,0.0,1,0,0,0,0,0,0,0
173,4,5873,789,1,0,0,2015,6,25,0,0,0,1,350.0,12.0,2012.0,0,0.0,0.0,1,0,0,0,0,0,0,0
173,3,6067,829,1,0,0,2015,6,24,0,0,0,1,350.0,12.0,2012.0,0,0.0,0.0,1,0,0,0,0,0,0,0
173,2,5736,773,1,0,0,2015,6,23,0,0,0,1,350.0,12.0,2012.0,0,0.0,0.0,1,0,0,0,0,0,0,0
173,1,6713,900,1,0,0,2015,6,22,0,0,0,1,350.0,12.0,2012.0,0,0.0,0.0,1,0,0,0,0,0,0,0
173,7,0,0,0,0,0,2015,6,21,0,0,0,1,350.0,12.0,2012.0,0,0.0,0.0,1,0,0,0,0,0,0,0
173,6,5728,759,1,0,0,2015,6,20,0,0,0,1,350.0,12.0,2012.0,0,0.0,0.0,1,0,0,0,0,0,0,0
173,5,8129,983,1,1,0,2015,6,19,0,0,0,1,350.0,12.0,2012.0,0,0.0,0.0,1,0,0,0,0,0,0,0
173,4,8663,1021,1,1,0,2015,6,18,0,0,0,1,350.0,12.0,2012.0,0,0.0,0.0,1,0,0,0,0,0,0,0
173,3,9145,1025,1,1,0,2015,6,17,0,0,0,1,350.0,12.0,2012.0,0,0.0,0.0,1,0,0,0,0,0,0,0
173,2,9494,1102,1,1,0,2015,6,16,0,0,0,1,350.0,12.0,2012.0,0,0.0,0.0,1,0,0,0,0,0,0,0
173,1,11876,1269,1,1,0,2015,6,15,0,0,0,1,350.0,12.0,2012.0,0,0.0,0.0,1,0,0,0,0,0,0,0
173,7,0,0,0,0,0,2015,6,14,0,0,0,1,350.0,12.0,2012.0,0,0.0,0.0,1,0,0,0,0,0,0,0
173,6,5681,723,1,0,0,2015,6,13,0,0,0,1,350.0,12.0,2012.0,0,0.0,0.0,1,0,0,0,0,0,0,0
173,5,7528,914,1,0,0,2015,6,12,0,0,0,1,350.0,12.0,2012.0,0,0.0,0.0,1,0,0,0,0,0,0,0
173,4,6693,870,1,0,0,2015,6,11,0,0,0,1,350.0,12.0,2012.0,0,0.0,0.0,1,0,0,0,0,0,0,0
173,3,6503,815,1,0,0,2015,6,10,0,0,0,1,350.0,12.0,2012.0,0,0.0,0.0,1,0,0,0,0,0,0,0
173,2,7210,958,1,0,0,2015,6,9,0,0,0,1,350.0,12.0,2012.0,0,0.0,0.0,1,0,0,0,0,0,0,0
173,1,8437,992,1,0,0,2015,6,8,0,0,0,1,350.0,12.0,2012.0,0,0.0,0.0,1,0,0,0,0,0,0,0
173,7,0,0,0,0,0,2015,6,7,0,0,0,1,350.0,12.0,2012.0,0,0.0,0.0,1,0,0,0,0,0,0,0
173,6,6016,757,1,0,0,2015,6,6,0,0,0,1,350.0,12.0,2012.0,0,0.0,0.0,1,0,0,0,0,0,0,0
173,5,8672,1034,1,1,0,2015,6,5,0,0,0,1,350.0,12.0,2012.0,0,0.0,0.0,1,0,0,0,0,0,0,0
173,4,9402,1087,1,1,0,2015,6,4,0,0,0,1,350.0,12.0,2012.0,0,0.0,0.0,1,0,0,0,0,0,0,0
173,3,9818,1075,1,1,0,2015,6,3,0,0,0,1,350.0,12.0,2012.0,0,0.0,0.0,1,0,0,0,0,0,0,0
173,2,11559,1219,1,1,0,2015,6,2,0,0,0,1,350.0,12.0,2012.0,0,0.0,0.0,1,0,0,0,0,0,0,0
173,1,12107,1233,1,1,0,2015,6,1,0,0,0,1,350.0,12.0,2012.0,0,0.0,0.0,1,0,0,0,0,0,0,0
173,7,0,0,0,0,0,2015,5,31,0,0,0,1,350.0,12.0,2012.0,0,0.0,0.0,1,0,0,0,0,0,0,0
173,6,7606,882,1,0,0,2015,5,30,0,0,0,1,350.0,12.0,2012.0,0,0.0,0.0,1,0,0,0,0,0,0,0
173,5,9118,1091,1,0,0,2015,5,29,0,0,0,1,350.0,12.0,2012.0,0,0.0,0.0,1,0,0,0,0,0,0,0
173,4,7267,897,1,0,0,2015,5,28,0,0,0,1,350.0,12.0,2012.0,0,0.0,0.0,1,0,0,0,0,0,0,0
173,3,7305,919,1,0,0,2015,5,27,0,0,0,1,350.0,12.0,2012.0,0,0.0,0.0,1,0,0,0,0,0,0,0
173,2,7369,979,1,0,1,2015,5,26,0,0,0,1,350.0,12.0,2012.0,0,0.0,0.0,1,0,0,0,0,0,0,0
173,1,0,0,0,0,0,2015,5,25,1,0,0,1,350.0,12.0,2012.0,0,0.0,0.0,1,0,0,0,0,0,0,0
173,7,0,0,0,0,0,2015,5,24,0,0,0,1,350.0,12.0,2012.0,0,0.0,0.0,1,0,0,0,0,0,0,0
173,6,5908,788,1,0,0,2015,5,23,0,0,0,1,350.0,12.0,2012.0,0,0.0,0.0,1,0,0,0,0,0,0,0
173,5,7811,972,1,1,0,2015,5,22,0,0,0,1,350.0,12.0,2012.0,0,0.0,0.0,1,0,0,0,0,0,0,0
173,4,8348,993,1,1,0,2015,5,21,0,0,0,1,350.0,12.0,2012.0,0,0.0,0.0,1,0,0,0,0,0,0,0
173,3,8853,1038,1,1,0,2015,5,20,0,0,0,1,350.0,12.0,2012.0,0,0.0,0.0,1,0,0,0,0,0,0,0
173,2,9039,1049,1,1,0,2015,5,19,0,0,0,1,350.0,12.0,2012.0,0,0.0,0.0,1,0,0,0,0,0,0,0
173,1,11074,1242,1,1,0,2015,5,18,0,0,0,1,350.0,12.0,2012.0,0,0.0,0.0,1,0,0,0,0,0,0,0
173,7,0,0,0,0,0,2015,5,17,0,0,0,1,350.0,12.0,2012.0,0,0.0,0.0,1,0,0,0,0,0,0,0
173,6,6524,779,1,0,0,2015,5,16,0,0,0,1,350.0,12.0,2012.0,0,0.0,0.0,1,0,0,0,0,0,0,0
173,5,7944,1020,1,0,1,2015,5,15,0,0,0,1,350.0,12.0,2012.0,0,0.0,0.0,1,0,0,0,0,0,0,0
173,4,0,0,0,0,0,2015,5,14,1,0,0,1,350.0,12.0,2012.0,0,0.0,0.0,1,0,0,0,0,0,0,0
173,3,7597,1018,1,0,0,2015,5,13,0,0,0,1,350.0,12.0,2012.0,0,0.0,0.0,1,0,0,0,0,0,0,0
173,2,6699,911,1,0,0,2015,5,12,0,0,0,1,350.0,12.0,2012.0,0,0.0,0.0,1,0,0,0,0,0,0,0
173,1,7531,930,1,0,0,2015,5,11,0,0,0,1,350.0,12.0,2012.0,0,0.0,0.0,1,0,0,0,0,0,0,0
173,7,0,0,0,0,0,2015,5,10,0,0,0,1,350.0,12.0,2012.0,0,0.0,0.0,1,0,0,0,0,0,0,0
173,6,6331,786,1,0,0,2015,5,9,0,0,0,1,350.0,12.0,2012.0,0,0.0,0.0,1,0,0,0,0,0,0,0
173,5,9219,1071,1,1,0,2015,5,8,0,0,0,1,350.0,12.0,2012.0,0,0.0,0.0,1,0,0,0,0,0,0,0
173,4,8516,1065,1,1,0,2015,5,7,0,0,0,1,350.0,12.0,2012.0,0,0.0,0.0,1,0,0,0,0,0,0,0
173,3,9530,1097,1,1,0,2015,5,6,0,0,0,1,350.0,12.0,2012.0,0,0.0,0.0,1,0,0,0,0,0,0,0
173,2,9253,1066,1,1,0,2015,5,5,0,0,0,1,350.0,12.0,2012.0,0,0.0,0.0,1,0,0,0,0,0,0,0
173,1,11401,1230,1,1,0,2015,5,4,0,0,0,1,350.0,12.0,2012.0,0,0.0,0.0,1,0,0,0,0,0,0,0
173,7,0,0,0,0,0,2015,5,3,0,0,0,1,350.0,12.0,2012.0,0,0.0,0.0,1,0,0,0,0,0,0,0
173,6,9372,990,1,0,0,2015,5,2,0,0,0,1,350.0,12.0,2012.0,0,0.0,0.0,1,0,0,0,0,0,0,0
173,5,0,0,0,1,0,2015,5,1,1,0,0,1,350.0,12.0,2012.0,0,0.0,0.0,1,0,0,0,0,0,0,0
173,4,12672,1397,1,1,0,2015,4,30,0,0,0,1,350.0,12.0,2012.0,0,0.0,0.0,1,0,0,0,0,0,0,0
173,3,9403,1067,1,1,0,2015,4,29,0,0,0,1,350.0,12.0,2012.0,0,0.0,0.0,1,0,0,0,0,0,0,0
173,2,9586,1080,1,1,0,2015,4,28,0,0,0,1,350.0,12.0,2012.0,0,0.0,0.0,1,0,0,0,0,0,0,0
173,1,11167,1223,1,1,0,2015,4,27,0,0,0,1,350.0,12.0,2012.0,0,0.0,0.0,1,0,0,0,0,0,0,0
173,7,0,0,0,0,0,2015,4,26,0,0,0,1,350.0,12.0,2012.0,0,0.0,0.0,1,0,0,0,0,0,0,0
173,6,6344,773,1,0,0,2015,4,25,0,0,0,1,350.0,12.0,2012.0,0,0.0,0.0,1,0,0,0,0,0,0,0
173,5,6098,824,1,0,0,2015,4,24,0,0,0,1,350.0,12.0,2012.0,0,0.0,0.0,1,0,0,0,0,0,0,0
173,4,6426,853,1,0,0,2015,4,23,0,0,0,1,350.0,12.0,2012.0,0,0.0,0.0,1,0,0,0,0,0,0,0
173,3,6157,822,1,0,0,2015,4,22,0,0,0,1,350.0,12.0,2012.0,0,0.0,0.0,1,0,0,0,0,0,0,0
173,2,6417,898,1,0,0,2015,4,21,0,0,0,1,350.0,12.0,2012.0,0,0.0,0.0,1,0,0,0,0,0,0,0
173,1,7567,1011,1,0,0,2015,4,20,0,0,0,1,350.0,12.0,2012.0,0,0.0,0.0,1,0,0,0,0,0,0,0
173,7,0,0,0,0,0,2015,4,19,0,0,0,1,350.0,12.0,2012.0,0,0.0,0.0,1,0,0,0,0,0,0,0
173,6,6714,803,1,0,0,2015,4,18,0,0,0,1,350.0,12.0,2012.0,0,0.0,0.0,1,0,0,0,0,0,0,0
173,5,9139,995,1,1,0,2015,4,17,0,0,0,1,350.0,12.0,2012.0,0,0.0,0.0,1,0,0,0,0,0,0,0
173,4,9223,1098,1,1,0,2015,4,16,0,0,0,1,350.0,12.0,2012.0,0,0.0,0.0,1,0,0,0,0,0,0,0
173,3,9016,1013,1,1,0,2015,4,15,0,0,0,1,350.0,12.0,2012.0,0,0.0,0.0,1,0,0,0,0,0,0,0
173,2,10767,1180,1,1,0,2015,4,14,0,0,0,1,350.0,12.0,2012.0,0,0.0,0.0,1,0,0,0,0,0,0,0
173,1,11851,1247,1,1,0,2015,4,13,0,0,0,1,350.0,12.0,2012.0,0,0.0,0.0,1,0,0,0,0,0,0,0
173,7,0,0,0,0,0,2015,4,12,0,0,0,1,350.0,12.0,2012.0,0,0.0,0.0,1,0,0,0,0,0,0,0
173,6,6574,778,1,0,0,2015,4,11,0,0,0,1,350.0,12.0,2012.0,0,0.0,0.0,1,0,0,0,0,0,0,0
173,5,6384,882,1,0,1,2015,4,10,0,0,0,1,350.0,12.0,2012.0,0,0.0,0.0,1,0,0,0,0,0,0,0
173,4,7553,947,1,0,1,2015,4,9,0,0,0,1,350.0,12.0,2012.0,0,0.0,0.0,1,0,0,0,0,0,0,0
173,3,6809,906,1,0,1,2015,4,8,0,0,0,1,350.0,12.0,2012.0,0,0.0,0.0,1,0,0,0,0,0,0,0
173,2,8265,1060,1,0,1,2015,4,7,0,0,0,1,350.0,12.0,2012.0,0,0.0,0.0,1,0,0,0,0,0,0,0
173,1,0,0,0,0,1,2015,4,6,0,1,0,1,350.0,12.0,2012.0,0,0.0,0.0,1,0,0,0,0,0,0,0
173,7,0,0,0,0,0,2015,4,5,0,0,0,1,350.0,12.0,2012.0,0,0.0,0.0,1,0,0,0,0,0,0,0
173,6,8278,1023,1,0,0,2015,4,4,0,0,0,1,350.0,12.0,2012.0,0,0.0,0.0,1,0,0,0,0,0,0,0
173,5,0,0,0,1,1,2015,4,3,0,1,0,1,350.0,12.0,2012.0,0,0.0,0.0,1,0,0,0,0,0,0,0
173,4,11910,1274,1,1,1,2015,4,2,0,0,0,1,350.0,12.0,2012.0,0,0.0,0.0,1,0,0,0,0,0,0,0
173,3,12577,1276,1,1,1,2015,4,1,0,0,0,1,350.0,12.0,2012.0,0,0.0,0.0,1,0,0,0,0,0,0,0
173,2,11803,1138,1,1,1,2015,3,31,0,0,0,1,350.0,12.0,2012.0,0,0.0,0.0,1,0,0,0,0,0,0,0
173,1,11807,1223,1,1,1,2015,3,30,0,0,0,1,350.0,12.0,2012.0,0,0.0,0.0,1,0,0,0,0,0,0,0
173,7,0,0,0,0,0,2015,3,29,0,0,0,1,350.0,12.0,2012.0,0,0.0,0.0,1,0,0,0,0,0,0,0
173,6,6663,809,1,0,0,2015,3,28,0,0,0,1,350.0,12.0,2012.0,0,0.0,0.0,1,0,0,0,0,0,0,0
173,5,6878,898,1,0,0,2015,3,27,0,0,0,1,350.0,12.0,2012.0,0,0.0,0.0,1,0,0,0,0,0,0,0
173,4,6277,837,1,0,0,2015,3,26,0,0,0,1,350.0,12.0,2012.0,0,0.0,0.0,1,0,0,0,0,0,0,0
173,3,6645,910,1,0,0,2015,3,25,0,0,0,1,350.0,12.0,2012.0,0,0.0,0.0,1,0,0,0,0,0,0,0
173,2,6134,877,1,0,0,2015,3,24,0,0,0,1,350.0,12.0,2012.0,0,0.0,0.0,1,0,0,0,0,0,0,0
173,1,7498,980,1,0,0,2015,3,23,0,0,0,1,350.0,12.0,2012.0,0,0.0,0.0,1,0,0,0,0,0,0,0
173,7,0,0,0,0,0,2015,3,22,0,0,0,1,350.0,12.0,2012.0,0,0.0,0.0,1,0,0,0,0,0,0,0
173,6,6108,774,1,0,0,2015,3,21,0,0,0,1,350.0,12.0,2012.0,0,0.0,0.0,1,0,0,0,0,0,0,0
173,5,7956,977,1,1,0,2015,3,20,0,0,0,1,350.0,12.0,2012.0,0,0.0,0.0,1,0,0,0,0,0,0,0
173,4,8496,1032,1,1,0,2015,3,19,0,0,0,1,350.0,12.0,2012.0,0,0.0,0.0,1,0,0,0,0,0,0,0
173,3,8925,1032,1,1,0,2015,3,18,0,0,0,1,350.0,12.0,2012.0,0,0.0,0.0,1,0,0,0,0,0,0,0
173,2,9873,1157,1,1,0,2015,3,17,0,0,0,1,350.0,12.0,2012.0,0,0.0,0.0,1,0,0,0,0,0,0,0
173,1,11701,1273,1,1,0,2015,3,16,0,0,0,1,350.0,12.0,2012.0,0,0.0,0.0,1,0,0,0,0,0,0,0
173,7,0,0,0,0,0,2015,3,15,0,0,0,1,350.0,12.0,2012.0,0,0.0,0.0,1,0,0,0,0,0,0,0
173,6,6343,746,1,0,0,2015,3,14,0,0,0,1,350.0,12.0,2012.0,0,0.0,0.0,1,0,0,0,0,0,0,0
173,5,6673,882,1,0,0,2015,3,13,0,0,0,1,350.0,12.0,2012.0,0,0.0,0.0,1,0,0,0,0,0,0,0
173,4,6407,843,1,0,0,2015,3,12,0,0,0,1,350.0,12.0,2012.0,0,0.0,0.0,1,0,0,0,0,0,0,0
173,3,6436,871,1,0,0,2015,3,11,0,0,0,1,350.0,12.0,2012.0,0,0.0,0.0,1,0,0,0,0,0,0,0
173,2,6524,882,1,0,0,2015,3,10,0,0,0,1,350.0,12.0,2012.0,0,0.0,0.0,1,0,0,0,0,0,0,0
173,1,7444,962,1,0,0,2015,3,9,0,0,0,1,350.0,12.0,2012.0,0,0.0,0.0,1,0,0,0,0,0,0,0
173,7,0,0,0,0,0,2015,3,8,0,0,0,1,350.0,12.0,2012.0,0,0.0,0.0,1,0,0,0,0,0,0,0
173,6,5870,781,1,0,0,2015,3,7,0,0,0,1,350.0,12.0,2012.0,0,0.0,0.0,1,0,0,0,0,0,0,0
173,5,8511,1058,1,1,0,2015,3,6,0,0,0,1,350.0,12.0,2012.0,0,0.0,0.0,1,0,0,0,0,0,0,0
173,4,9147,1117,1,1,0,2015,3,5,0,0,0,1,350.0,12.0,2012.0,0,0.0,0.0,1,0,0,0,0,0,0,0
173,3,8187,983,1,1,0,2015,3,4,0,0,0,1,350.0,12.0,2012.0,0,0.0,0.0,1,0,0,0,0,0,0,0
173,2,10637,1161,1,1,0,2015,3,3,0,0,0,1,350.0,12.0,2012.0,0,0.0,0.0,1,0,0,0,0,0,0,0
173,1,11632,1267,1,1,0,2015,3,2,0,0,0,1,350.0,12.0,2012.0,0,0.0,0.0,1,0,0,0,0,0,0,0
173,7,0,0,0,0,0,2015,3,1,0,0,0,1,350.0,12.0,2012.0,0,0.0,0.0,1,0,0,0,0,0,0,0
173,6,7319,844,1,0,0,2015,2,28,0,0,0,1,350.0,12.0,2012.0,0,0.0,0.0,1,0,0,0,0,0,0,0
173,5,7996,997,1,0,0,2015,2,27,0,0,0,1,350.0,12.0,2012.0,0,0.0,0.0,1,0,0,0,0,0,0,0
173,4,6590,850,1,0,0,2015,2,26,0,0,0,1,350.0,12.0,2012.0,0,0.0,0.0,1,0,0,0,0,0,0,0
173,3,5885,836,1,0,0,2015,2,25,0,0,0,1,350.0,12.0,2012.0,0,0.0,0.0,1,0,0,0,0,0,0,0
173,2,6699,925,1,0,0,2015,2,24,0,0,0,1,350.0,12.0,2012.0,0,0.0,0.0,1,0,0,0,0,0,0,0
173,1,5873,835,1,0,0,2015,2,23,0,0,0,1,350.0,12.0,2012.0,0,0.0,0.0,1,0,0,0,0,0,0,0
173,7,0,0,0,0,0,2015,2,22,0,0,0,1,350.0,12.0,2012.0,0,0.0,0.0,1,0,0,0,0,0,0,0
173,6,5810,754,1,0,0,2015,2,21,0,0,0,1,350.0,12.0,2012.0,0,0.0,0.0,1,0,0,0,0,0,0,0
173,5,8539,1027,1,1,0,2015,2,20,0,0,0,1,350.0,12.0,2012.0,0,0.0,0.0,1,0,0,0,0,0,0,0
173,4,8270,1011,1,1,0,2015,2,19,0,0,0,1,350.0,12.0,2012.0,0,0.0,0.0,1,0,0,0,0,0,0,0
173,3,7912,990,1,1,0,2015,2,18,0,0,0,1,350.0,12.0,2012.0,0,0.0,0.0,1,0,0,0,0,0,0,0
173,2,9186,1088,1,1,0,2015,2,17,0,0,0,1,350.0,12.0,2012.0,0,0.0,0.0,1,0,0,0,0,0,0,0
173,1,10670,1184,1,1,0,2015,2,16,0,0,0,1,350.0,12.0,2012.0,0,0.0,0.0,1,0,0,0,0,0,0,0
173,7,0,0,0,0,0,2015,2,15,0,0,0,1,350.0,12.0,2012.0,0,0.0,0.0,1,0,0,0,0,0,0,0
173,6,6414,808,1,0,0,2015,2,14,0,0,0,1,350.0,12.0,2012.0,0,0.0,0.0,1,0,0,0,0,0,0,0
173,5,7027,921,1,0,0,2015,2,13,0,0,0,1,350.0,12.0,2012.0,0,0.0,0.0,1,0,0,0,0,0,0,0
173,4,6164,855,1,0,0,2015,2,12,0,0,0,1,350.0,12.0,2012.0,0,0.0,0.0,1,0,0,0,0,0,0,0
173,3,6351,858,1,0,0,2015,2,11,0,0,0,1,350.0,12.0,2012.0,0,0.0,0.0,1,0,0,0,0,0,0,0
173,2,6259,866,1,0,0,2015,2,10,0,0,0,1,350.0,12.0,2012.0,0,0.0,0.0,1,0,0,0,0,0,0,0
173,1,6798,918,1,0,0,2015,2,9,0,0,0,1,350.0,12.0,2012.0,0,0.0,0.0,1,0,0,0,0,0,0,0
173,7,0,0,0,0,0,2015,2,8,0,0,0,1,350.0,12.0,2012.0,0,0.0,0.0,1,0,0,0,0,0,0,0
173,6,5295,687,1,0,0,2015,2,7,0,0,0,1,350.0,12.0,2012.0,0,0.0,0.0,1,0,0,0,0,0,0,0
173,5,8372,985,1,1,1,2015,2,6,0,0,0,1,350.0,12.0,2012.0,0,0.0,0.0,1,0,0,0,0,0,0,0
173,4,8332,1038,1,1,1,2015,2,5,0,0,0,1,350.0,12.0,2012.0,0,0.0,0.0,1,0,0,0,0,0,0,0
173,3,7889,902,1,1,1,2015,2,4,0,0,0,1,350.0,12.0,2012.0,0,0.0,0.0,1,0,0,0,0,0,0,0
173,2,9317,1041,1,1,1,2015,2,3,0,0,0,1,350.0,12.0,2012.0,0,0.0,0.0,1,0,0,0,0,0,0,0
173,1,11160,1274,1,1,1,2015,2,2,0,0,0,1,350.0,12.0,2012.0,0,0.0,0.0,1,0,0,0,0,0,0,0
173,7,0,0,0,0,0,2015,2,1,0,0,0,1,350.0,12.0,2012.0,0,0.0,0.0,1,0,0,0,0,0,0,0
173,6,7114,812,1,0,0,2015,1,31,0,0,0,1,350.0,12.0,2012.0,0,0.0,0.0,1,0,0,0,0,0,0,0
173,5,10281,1129,1,1,0,2015,1,30,0,0,0,1,350.0,12.0,2012.0,0,0.0,0.0,1,0,0,0,0,0,0,0
173,4,8611,1032,1,1,0,2015,1,29,0,0,0,1,350.0,12.0,2012.0,0,0.0,0.0,1,0,0,0,0,0,0,0
173,3,8527,978,1,1,0,2015,1,28,0,0,0,1,350.0,12.0,2012.0,0,0.0,0.0,1,0,0,0,0,0,0,0
173,2,8054,1005,1,1,0,2015,1,27,0,0,0,1,350.0,12.0,2012.0,0,0.0,0.0,1,0,0,0,0,0,0,0
173,1,9908,1125,1,1,0,2015,1,26,0,0,0,1,350.0,12.0,2012.0,0,0.0,0.0,1,0,0,0,0,0,0,0
173,7,0,0,0,0,0,2015,1,25,0,0,0,1,350.0,12.0,2012.0,0,0.0,0.0,1,0,0,0,0,0,0,0
173,6,6107,778,1,0,0,2015,1,24,0,0,0,1,350.0,12.0,2012.0,0,0.0,0.0,1,0,0,0,0,0,0,0
173,5,6185,863,1,0,0,2015,1,23,0,0,0,1,350.0,12.0,2012.0,0,0.0,0.0,1,0,0,0,0,0,0,0
173,4,6083,830,1,0,0,2015,1,22,0,0,0,1,350.0,12.0,2012.0,0,0.0,0.0,1,0,0,0,0,0,0,0
173,3,5522,780,1,0,0,2015,1,21,0,0,0,1,350.0,12.0,2012.0,0,0.0,0.0,1,0,0,0,0,0,0,0
173,2,6129,812,1,0,0,2015,1,20,0,0,0,1,350.0,12.0,2012.0,0,0.0,0.0,1,0,0,0,0,0,0,0
173,1,6609,924,1,0,0,2015,1,19,0,0,0,1,350.0,12.0,2012.0,0,0.0,0.0,1,0,0,0,0,0,0,0
173,7,0,0,0,0,0,2015,1,18,0,0,0,1,350.0,12.0,2012.0,0,0.0,0.0,1,0,0,0,0,0,0,0
173,6,6242,802,1,0,0,2015,1,17,0,0,0,1,350.0,12.0,2012.0,0,0.0,0.0,1,0,0,0,0,0,0,0
173,5,8788,1047,1,1,0,2015,1,16,0,0,0,1,350.0,12.0,2012.0,0,0.0,0.0,1,0,0,0,0,0,0,0
173,4,7450,848,1,1,0,2015,1,15,0,0,0,1,350.0,12.0,2012.0,0,0.0,0.0,1,0,0,0,0,0,0,0
173,3,9158,1076,1,1,0,2015,1,14,0,0,0,1,350.0,12.0,2012.0,0,0.0,0.0,1,0,0,0,0,0,0,0
173,2,9170,1099,1,1,0,2015,1,13,0,0,0,1,350.0,12.0,2012.0,0,0.0,0.0,1,0,0,0,0,0,0,0
173,1,9705,1108,1,1,0,2015,1,12,0,0,0,1,350.0,12.0,2012.0,0,0.0,0.0,1,0,0,0,0,0,0,0
173,7,0,0,0,0,0,2015,1,11,0,0,0,1,350.0,12.0,2012.0,0,0.0,0.0,1,0,0,0,0,0,0,0
173,6,5706,702,1,0,0,2015,1,10,0,0,0,1,350.0,12.0,2012.0,0,0.0,0.0,1,0,0,0,0,0,0,0
173,5,6619,793,1,1,0,2015,1,9,0,0,0,1,350.0,12.0,2012.0,0,0.0,0.0,1,0,0,0,0,0,0,0
173,4,7738,890,1,1,0,2015,1,8,0,0,0,1,350.0,12.0,2012.0,0,0.0,0.0,1,0,0,0,0,0,0,0
173,3,8552,992,1,1,0,2015,1,7,0,0,0,1,350.0,12.0,2012.0,0,0.0,0.0,1,0,0,0,0,0,0,0
173,2,9066,1078,1,1,0,2015,1,6,0,0,0,1,350.0,12.0,2012.0,0,0.0,0.0,1,0,0,0,0,0,0,0
173,1,9610,1159,1,1,0,2015,1,5,0,0,0,1,350.0,12.0,2012.0,0,0.0,0.0,1,0,0,0,0,0,0,0
173,7,0,0,0,0,0,2015,1,4,0,0,0,1,350.0,12.0,2012.0,0,0.0,0.0,1,0,0,0,0,0,0,0
173,6,6800,823,1,0,0,2015,1,3,0,0,0,1,350.0,12.0,2012.0,0,0.0,0.0,1,0,0,0,0,0,0,0
173,5,7398,954,1,0,1,2015,1,2,0,0,0,1,350.0,12.0,2012.0,0,0.0,0.0,1,0,0,0,0,0,0,0
173,4,0,0,0,0,1,2015,1,1,1,0,0,1,350.0,12.0,2012.0,0,0.0,0.0,1,0,0,0,0,0,0,0
173,3,3788,515,1,0,1,2014,12,31,0,0,0,1,350.0,12.0,2012.0,0,0.0,0.0,1,0,0,0,0,0,0,0
173,2,8803,995,1,0,1,2014,12,30,0,0,0,1,350.0,12.0,2012.0,0,0.0,0.0,1,0,0,0,0,0,0,0
173,1,7930,1003,1,0,1,2014,12,29,0,0,0,1,350.0,12.0,2012.0,0,0.0,0.0,1,0,0,0,0,0,0,0
173,7,0,0,0,0,0,2014,12,28,0,0,0,1,350.0,12.0,2012.0,0,0.0,0.0,1,0,0,0,0,0,0,0
173,6,6447,878,1,0,0,2014,12,27,0,0,0,1,350.0,12.0,2012.0,0,0.0,0.0,1,0,0,0,0,0,0,0
173,5,0,0,0,0,1,2014,12,26,0,0,1,1,350.0,12.0,2012.0,0,0.0,0.0,1,0,0,0,0,0,0,0
173,4,0,0,0,0,1,2014,12,25,0,0,1,1,350.0,12.0,2012.0,0,0.0,0.0,1,0,0,0,0,0,0,0
173,3,4621,591,1,0,1,2014,12,24,0,0,0,1,350.0,12.0,2012.0,0,0.0,0.0,1,0,0,0,0,0,0,0
173,2,9969,1233,1,0,1,2014,12,23,0,0,0,1,350.0,12.0,2012.0,0,0.0,0.0,1,0,0,0,0,0,0,0
173,1,10405,1240,1,0,1,2014,12,22,0,0,0,1,350.0,12.0,2012.0,0,0.0,0.0,1,0,0,0,0,0,0,0
173,7,0,0,0,0,0,2014,12,21,0,0,0,1,350.0,12.0,2012.0,0,0.0,0.0,1,0,0,0,0,0,0,0
173,6,7145,854,1,0,0,2014,12,20,0,0,0,1,350.0,12.0,2012.0,0,0.0,0.0,1,0,0,0,0,0,0,0
173,5,10065,1145,1,1,0,2014,12,19,0,0,0,1,350.0,12.0,2012.0,0,0.0,0.0,1,0,0,0,0,0,0,0
173,4,9937,1186,1,1,0,2014,12,18,0,0,0,1,350.0,12.0,2012.0,0,0.0,0.0,1,0,0,0,0,0,0,0
173,3,10202,1142,1,1,0,2014,12,17,0,0,0,1,350.0,12.0,2012.0,0,0.0,0.0,1,0,0,0,0,0,0,0
173,2,11690,1262,1,1,0,2014,12,16,0,0,0,1,350.0,12.0,2012.0,0,0.0,0.0,1,0,0,0,0,0,0,0
173,1,13674,1424,1,1,0,2014,12,15,0,0,0,1,350.0,12.0,2012.0,0,0.0,0.0,1,0,0,0,0,0,0,0
173,7,0,0,0,0,0,2014,12,14,0,0,0,1,350.0,12.0,2012.0,0,0.0,0.0,1,0,0,0,0,0,0,0
173,6,7154,889,1,0,0,2014,12,13,0,0,0,1,350.0,12.0,2012.0,0,0.0,0.0,1,0,0,0,0,0,0,0
173,5,7129,939,1,0,0,2014,12,12,0,0,0,1,350.0,12.0,2012.0,0,0.0,0.0,1,0,0,0,0,0,0,0
173,4,7255,908,1,0,0,2014,12,11,0,0,0,1,350.0,12.0,2012.0,0,0.0,0.0,1,0,0,0,0,0,0,0
173,3,7043,868,1,0,0,2014,12,10,0,0,0,1,350.0,12.0,2012.0,0,0.0,0.0,1,0,0,0,0,0,0,0
173,2,7542,984,1,0,0,2014,12,9,0,0,0,1,350.0,12.0,2012.0,0,0.0,0.0,1,0,0,0,0,0,0,0
173,1,7667,984,1,0,0,2014,12,8,0,0,0,1,350.0,12.0,2012.0,0,0.0,0.0,1,0,0,0,0,0,0,0
173,7,0,0,0,0,0,2014,12,7,0,0,0,1,350.0,12.0,2012.0,0,0.0,0.0,1,0,0,0,0,0,0,0
173,6,7008,851,1,0,0,2014,12,6,0,0,0,1,350.0,12.0,2012.0,0,0.0,0.0,1,0,0,0,0,0,0,0
173,5,9866,1125,1,1,0,2014,12,5,0,0,0,1,350.0,12.0,2012.0,0,0.0,0.0,1,0,0,0,0,0,0,0
173,4,9746,1082,1,1,0,2014,12,4,0,0,0,1,350.0,12.0,2012.0,0,0.0,0.0,1,0,0,0,0,0,0,0
173,3,9957,1153,1,1,0,2014,12,3,0,0,0,1,350.0,12.0,2012.0,0,0.0,0.0,1,0,0,0,0,0,0,0
173,2,10695,1180,1,1,0,2014,12,2,0,0,0,1,350.0,12.0,2012.0,0,0.0,0.0,1,0,0,0,0,0,0,0
173,1,11662,1218,1,1,0,2014,12,1,0,0,0,1,350.0,12.0,2012.0,0,0.0,0.0,1,0,0,0,0,0,0,0
173,7,0,0,0,0,0,2014,11,30,0,0,0,1,350.0,12.0,2012.0,0,0.0,0.0,1,0,0,0,0,0,0,0
173,6,7387,915,1,0,0,2014,11,29,0,0,0,1,350.0,12.0,2012.0,0,0.0,0.0,1,0,0,0,0,0,0,0
173,5,9992,1122,1,1,0,2014,11,28,0,0,0,1,350.0,12.0,2012.0,0,0.0,0.0,1,0,0,0,0,0,0,0
173,4,8996,1038,1,1,0,2014,11,27,0,0,0,1,350.0,12.0,2012.0,0,0.0,0.0,1,0,0,0,0,0,0,0
173,3,9394,1112,1,1,0,2014,11,26,0,0,0,1,350.0,12.0,2012.0,0,0.0,0.0,1,0,0,0,0,0,0,0
173,2,9148,1082,1,1,0,2014,11,25,0,0,0,1,350.0,12.0,2012.0,0,0.0,0.0,1,0,0,0,0,0,0,0
173,1,9917,1104,1,1,0,2014,11,24,0,0,0,1,350.0,12.0,2012.0,0,0.0,0.0,1,0,0,0,0,0,0,0
173,7,0,0,0,0,0,2014,11,23,0,0,0,1,350.0,12.0,2012.0,0,0.0,0.0,1,0,0,0,0,0,0,0
173,6,6474,801,1,0,0,2014,11,22,0,0,0,1,350.0,12.0,2012.0,0,0.0,0.0,1,0,0,0,0,0,0,0
173,5,6757,902,1,0,0,2014,11,21,0,0,0,1,350.0,12.0,2012.0,0,0.0,0.0,1,0,0,0,0,0,0,0
173,4,6561,887,1,0,0,2014,11,20,0,0,0,1,350.0,12.0,2012.0,0,0.0,0.0,1,0,0,0,0,0,0,0
173,3,5913,823,1,0,0,2014,11,19,0,0,0,1,350.0,12.0,2012.0,0,0.0,0.0,1,0,0,0,0,0,0,0
173,2,6971,915,1,0,0,2014,11,18,0,0,0,1,350.0,12.0,2012.0,0,0.0,0.0,1,0,0,0,0,0,0,0
173,1,7260,1012,1,0,0,2014,11,17,0,0,0,1,350.0,12.0,2012.0,0,0.0,0.0,1,0,0,0,0,0,0,0
173,7,0,0,0,0,0,2014,11,16,0,0,0,1,350.0,12.0,2012.0,0,0.0,0.0,1,0,0,0,0,0,0,0
173,6,6555,807,1,0,0,2014,11,15,0,0,0,1,350.0,12.0,2012.0,0,0.0,0.0,1,0,0,0,0,0,0,0
173,5,8434,1044,1,1,0,2014,11,14,0,0,0,1,350.0,12.0,2012.0,0,0.0,0.0,1,0,0,0,0,0,0,0
173,4,7999,984,1,1,0,2014,11,13,0,0,0,1,350.0,12.0,2012.0,0,0.0,0.0,1,0,0,0,0,0,0,0
173,3,8077,1018,1,1,0,2014,11,12,0,0,0,1,350.0,12.0,2012.0,0,0.0,0.0,1,0,0,0,0,0,0,0
173,2,8631,1051,1,1,0,2014,11,11,0,0,0,1,350.0,12.0,2012.0,0,0.0,0.0,1,0,0,0,0,0,0,0
173,1,9348,1118,1,1,0,2014,11,10,0,0,0,1,350.0,12.0,2012.0,0,0.0,0.0,1,0,0,0,0,0,0,0
173,7,0,0,0,0,0,2014,11,9,0,0,0,1,350.0,12.0,2012.0,0,0.0,0.0,1,0,0,0,0,0,0,0
173,6,6445,833,1,0,0,2014,11,8,0,0,0,1,350.0,12.0,2012.0,0,0.0,0.0,1,0,0,0,0,0,0,0
173,5,8293,1040,1,1,0,2014,11,7,0,0,0,1,350.0,12.0,2012.0,0,0.0,0.0,1,0,0,0,0,0,0,0
173,4,8345,1048,1,1,0,2014,11,6,0,0,0,1,350.0,12.0,2012.0,0,0.0,0.0,1,0,0,0,0,0,0,0
173,3,9405,1047,1,1,0,2014,11,5,0,0,0,1,350.0,12.0,2012.0,0,0.0,0.0,1,0,0,0,0,0,0,0
173,2,10272,1189,1,1,0,2014,11,4,0,0,0,1,350.0,12.0,2012.0,0,0.0,0.0,1,0,0,0,0,0,0,0
173,1,12185,1283,1,1,0,2014,11,3,0,0,0,1,350.0,12.0,2012.0,0,0.0,0.0,1,0,0,0,0,0,0,0
173,7,0,0,0,0,0,2014,11,2,0,0,0,1,350.0,12.0,2012.0,0,0.0,0.0,1,0,0,0,0,0,0,0
173,6,6785,816,1,0,0,2014,11,1,0,0,0,1,350.0,12.0,2012.0,0,0.0,0.0,1,0,0,0,0,0,0,0
173,5,7797,1028,1,0,1,2014,10,31,0,0,0,1,350.0,12.0,2012.0,0,0.0,0.0,1,0,0,0,0,0,0,0
173,4,6731,911,1,0,1,2014,10,30,0,0,0,1,350.0,12.0,2012.0,0,0.0,0.0,1,0,0,0,0,0,0,0
173,3,6237,867,1,0,1,2014,10,29,0,0,0,1,350.0,12.0,2012.0,0,0.0,0.0,1,0,0,0,0,0,0,0
173,2,6414,855,1,0,1,2014,10,28,0,0,0,1,350.0,12.0,2012.0,0,0.0,0.0,1,0,0,0,0,0,0,0
173,1,7004,941,1,0,1,2014,10,27,0,0,0,1,350.0,12.0,2012.0,0,0.0,0.0,1,0,0,0,0,0,0,0
173,7,0,0,0,0,0,2014,10,26,0,0,0,1,350.0,12.0,2012.0,0,0.0,0.0,1,0,0,0,0,0,0,0
173,6,5763,750,1,0,0,2014,10,25,0,0,0,1,350.0,12.0,2012.0,0,0.0,0.0,1,0,0,0,0,0,0,0
173,5,7781,957,1,1,1,2014,10,24,0,0,0,1,350.0,12.0,2012.0,0,0.0,0.0,1,0,0,0,0,0,0,0
173,4,7697,949,1,1,1,2014,10,23,0,0,0,1,350.0,12.0,2012.0,0,0.0,0.0,1,0,0,0,0,0,0,0
173,3,7270,840,1,1,1,2014,10,22,0,0,0,1,350.0,12.0,2012.0,0,0.0,0.0,1,0,0,0,0,0,0,0
173,2,9388,1098,1,1,1,2014,10,21,0,0,0,1,350.0,12.0,2012.0,0,0.0,0.0,1,0,0,0,0,0,0,0
173,1,10042,1182,1,1,1,2014,10,20,0,0,0,1,350.0,12.0,2012.0,0,0.0,0.0,1,0,0,0,0,0,0,0
173,7,0,0,0,0,0,2014,10,19,0,0,0,1,350.0,12.0,2012.0,0,0.0,0.0,1,0,0,0,0,0,0,0
173,6,6633,811,1,0,0,2014,10,18,0,0,0,1,350.0,12.0,2012.0,0,0.0,0.0,1,0,0,0,0,0,0,0
173,5,6762,906,1,0,0,2014,10,17,0,0,0,1,350.0,12.0,2012.0,0,0.0,0.0,1,0,0,0,0,0,0,0
173,4,6047,818,1,0,0,2014,10,16,0,0,0,1,350.0,12.0,2012.0,0,0.0,0.0,1,0,0,0,0,0,0,0
173,3,6284,871,1,0,0,2014,10,15,0,0,0,1,350.0,12.0,2012.0,0,0.0,0.0,1,0,0,0,0,0,0,0
173,2,7154,988,1,0,0,2014,10,14,0,0,0,1,350.0,12.0,2012.0,0,0.0,0.0,1,0,0,0,0,0,0,0
173,1,7759,1036,1,0,0,2014,10,13,0,0,0,1,350.0,12.0,2012.0,0,0.0,0.0,1,0,0,0,0,0,0,0
173,7,0,0,0,0,0,2014,10,12,0,0,0,1,350.0,12.0,2012.0,0,0.0,0.0,1,0,0,0,0,0,0,0
173,6,6258,762,1,0,0,2014,10,11,0,0,0,1,350.0,12.0,2012.0,0,0.0,0.0,1,0,0,0,0,0,0,0
173,5,9458,1100,1,1,0,2014,10,10,0,0,0,1,350.0,12.0,2012.0,0,0.0,0.0,1,0,0,0,0,0,0,0
173,4,8557,1048,1,1,0,2014,10,9,0,0,0,1,350.0,12.0,2012.0,0,0.0,0.0,1,0,0,0,0,0,0,0
173,3,8881,1052,1,1,0,2014,10,8,0,0,0,1,350.0,12.0,2012.0,0,0.0,0.0,1,0,0,0,0,0,0,0
173,2,10117,1130,1,1,0,2014,10,7,0,0,0,1,350.0,12.0,2012.0,0,0.0,0.0,1,0,0,0,0,0,0,0
173,1,10862,1249,1,1,0,2014,10,6,0,0,0,1,350.0,12.0,2012.0,0,0.0,0.0,1,0,0,0,0,0,0,0
173,7,0,0,0,0,0,2014,10,5,0,0,0,1,350.0,12.0,2012.0,0,0.0,0.0,1,0,0,0,0,0,0,0
173,6,7471,936,1,0,0,2014,10,4,0,0,0,1,350.0,12.0,2012.0,0,0.0,0.0,1,0,0,0,0,0,0,0
173,5,0,0,0,1,0,2014,10,3,1,0,0,1,350.0,12.0,2012.0,0,0.0,0.0,1,0,0,0,0,0,0,0
173,4,9742,1160,1,1,0,2014,10,2,0,0,0,1,350.0,12.0,2012.0,0,0.0,0.0,1,0,0,0,0,0,0,0
173,3,9940,1161,1,1,0,2014,10,1,0,0,0,1,350.0,12.0,2012.0,0,0.0,0.0,1,0,0,0,0,0,0,0
173,2,11432,1270,1,1,0,2014,9,30,0,0,0,1,350.0,12.0,2012.0,0,0.0,0.0,1,0,0,0,0,0,0,0
173,1,10157,1193,1,1,0,2014,9,29,0,0,0,1,350.0,12.0,2012.0,0,0.0,0.0,1,0,0,0,0,0,0,0
173,7,0,0,0,0,0,2014,9,28,0,0,0,1,350.0,12.0,2012.0,0,0.0,0.0,1,0,0,0,0,0,0,0
173,6,6143,812,1,0,0,2014,9,27,0,0,0,1,350.0,12.0,2012.0,0,0.0,0.0,1,0,0,0,0,0,0,0
173,5,5818,834,1,0,0,2014,9,26,0,0,0,1,350.0,12.0,2012.0,0,0.0,0.0,1,0,0,0,0,0,0,0
173,4,5950,843,1,0,0,2014,9,25,0,0,0,1,350.0,12.0,2012.0,0,0.0,0.0,1,0,0,0,0,0,0,0
173,3,5941,846,1,0,0,2014,9,24,0,0,0,1,350.0,12.0,2012.0,0,0.0,0.0,1,0,0,0,0,0,0,0
173,2,6592,922,1,0,0,2014,9,23,0,0,0,1,350.0,12.0,2012.0,0,0.0,0.0,1,0,0,0,0,0,0,0
173,1,6623,903,1,0,0,2014,9,22,0,0,0,1,350.0,12.0,2012.0,0,0.0,0.0,1,0,0,0,0,0,0,0
173,7,0,0,0,0,0,2014,9,21,0,0,0,1,350.0,12.0,2012.0,0,0.0,0.0,1,0,0,0,0,0,0,0
173,6,5652,750,1,0,0,2014,9,20,0,0,0,1,350.0,12.0,2012.0,0,0.0,0.0,1,0,0,0,0,0,0,0
173,5,8270,1015,1,1,0,2014,9,19,0,0,0,1,350.0,12.0,2012.0,0,0.0,0.0,1,0,0,0,0,0,0,0
173,4,8175,1011,1,1,0,2014,9,18,0,0,0,1,350.0,12.0,2012.0,0,0.0,0.0,1,0,0,0,0,0,0,0
173,3,8288,1063,1,1,0,2014,9,17,0,0,0,1,350.0,12.0,2012.0,0,0.0,0.0,1,0,0,0,0,0,0,0
173,2,8586,1043,1,1,0,2014,9,16,0,0,0,1,350.0,12.0,2012.0,0,0.0,0.0,1,0,0,0,0,0,0,0
173,1,10925,1244,1,1,0,2014,9,15,0,0,0,1,350.0,12.0,2012.0,0,0.0,0.0,1,0,0,0,0,0,0,0
173,7,0,0,0,0,0,2014,9,14,0,0,0,1,350.0,12.0,2012.0,0,0.0,0.0,1,0,0,0,0,0,0,0
173,6,5876,775,1,0,0,2014,9,13,0,0,0,1,350.0,12.0,2012.0,0,0.0,0.0,1,0,0,0,0,0,0,0
173,5,6149,807,1,0,0,2014,9,12,0,0,0,1,350.0,12.0,2012.0,0,0.0,0.0,1,0,0,0,0,0,0,0
173,4,6310,861,1,0,0,2014,9,11,0,0,0,1,350.0,12.0,2012.0,0,0.0,0.0,1,0,0,0,0,0,0,0
173,3,6469,878,1,0,0,2014,9,10,0,0,0,1,350.0,12.0,2012.0,0,0.0,0.0,1,0,0,0,0,0,0,0
173,2,6915,958,1,0,0,2014,9,9,0,0,0,1,350.0,12.0,2012.0,0,0.0,0.0,1,0,0,0,0,0,0,0
173,1,7806,1013,1,0,0,2014,9,8,0,0,0,1,350.0,12.0,2012.0,0,0.0,0.0,1,0,0,0,0,0,0,0
173,7,0,0,0,0,0,2014,9,7,0,0,0,1,350.0,12.0,2012.0,0,0.0,0.0,1,0,0,0,0,0,0,0
173,6,5630,729,1,0,0,2014,9,6,0,0,0,1,350.0,12.0,2012.0,0,0.0,0.0,1,0,0,0,0,0,0,0
173,5,8581,1037,1,1,0,2014,9,5,0,0,0,1,350.0,12.0,2012.0,0,0.0,0.0,1,0,0,0,0,0,0,0
173,4,9055,1059,1,1,0,2014,9,4,0,0,0,1,350.0,12.0,2012.0,0,0.0,0.0,1,0,0,0,0,0,0,0
173,3,9651,1148,1,1,0,2014,9,3,0,0,0,1,350.0,12.0,2012.0,0,0.0,0.0,1,0,0,0,0,0,0,0
173,2,10138,1194,1,1,0,2014,9,2,0,0,0,1,350.0,12.0,2012.0,0,0.0,0.0,1,0,0,0,0,0,0,0
173,1,13213,1413,1,1,0,2014,9,1,0,0,0,1,350.0,12.0,2012.0,0,0.0,0.0,1,0,0,0,0,0,0,0
173,7,0,0,0,0,0,2014,8,31,0,0,0,1,350.0,12.0,2012.0,0,0.0,0.0,1,0,0,0,0,0,0,0
173,6,6823,809,1,0,0,2014,8,30,0,0,0,1,350.0,12.0,2012.0,0,0.0,0.0,1,0,0,0,0,0,0,0
173,5,7646,981,1,0,0,2014,8,29,0,0,0,1,350.0,12.0,2012.0,0,0.0,0.0,1,0,0,0,0,0,0,0
173,4,6312,896,1,0,0,2014,8,28,0,0,0,1,350.0,12.0,2012.0,0,0.0,0.0,1,0,0,0,0,0,0,0
173,3,6657,930,1,0,0,2014,8,27,0,0,0,1,350.0,12.0,2012.0,0,0.0,0.0,1,0,0,0,0,0,0,0
173,2,7439,952,1,0,0,2014,8,26,0,0,0,1,350.0,12.0,2012.0,0,0.0,0.0,1,0,0,0,0,0,0,0
173,1,7048,992,1,0,0,2014,8,25,0,0,0,1,350.0,12.0,2012.0,0,0.0,0.0,1,0,0,0,0,0,0,0
173,7,0,0,0,0,0,2014,8,24,0,0,0,1,350.0,12.0,2012.0,0,0.0,0.0,1,0,0,0,0,0,0,0
173,6,5547,748,1,0,0,2014,8,23,0,0,0,1,350.0,12.0,2012.0,0,0.0,0.0,1,0,0,0,0,0,0,0
173,5,8059,962,1,1,1,2014,8,22,0,0,0,1,350.0,12.0,2012.0,0,0.0,0.0,1,0,0,0,0,0,0,0
173,4,8191,1009,1,1,1,2014,8,21,0,0,0,1,350.0,12.0,2012.0,0,0.0,0.0,1,0,0,0,0,0,0,0
173,3,8832,1005,1,1,1,2014,8,20,0,0,0,1,350.0,12.0,2012.0,0,0.0,0.0,1,0,0,0,0,0,0,0
173,2,9310,1076,1,1,1,2014,8,19,0,0,0,1,350.0,12.0,2012.0,0,0.0,0.0,1,0,0,0,0,0,0,0
173,1,11197,1250,1,1,1,2014,8,18,0,0,0,1,350.0,12.0,2012.0,0,0.0,0.0,1,0,0,0,0,0,0,0
173,7,0,0,0,0,0,2014,8,17,0,0,0,1,350.0,12.0,2012.0,0,0.0,0.0,1,0,0,0,0,0,0,0
173,6,5890,766,1,0,0,2014,8,16,0,0,0,1,350.0,12.0,2012.0,0,0.0,0.0,1,0,0,0,0,0,0,0
173,5,6321,839,1,0,1,2014,8,15,0,0,0,1,350.0,12.0,2012.0,0,0.0,0.0,1,0,0,0,0,0,0,0
173,4,6346,886,1,0,1,2014,8,14,0,0,0,1,350.0,12.0,2012.0,0,0.0,0.0,1,0,0,0,0,0,0,0
173,3,5714,849,1,0,1,2014,8,13,0,0,0,1,350.0,12.0,2012.0,0,0.0,0.0,1,0,0,0,0,0,0,0
173,2,6456,909,1,0,1,2014,8,12,0,0,0,1,350.0,12.0,2012.0,0,0.0,0.0,1,0,0,0,0,0,0,0
173,1,7687,1062,1,0,1,2014,8,11,0,0,0,1,350.0,12.0,2012.0,0,0.0,0.0,1,0,0,0,0,0,0,0
173,7,0,0,0,0,0,2014,8,10,0,0,0,1,350.0,12.0,2012.0,0,0.0,0.0,1,0,0,0,0,0,0,0
173,6,5459,760,1,0,0,2014,8,9,0,0,0,1,350.0,12.0,2012.0,0,0.0,0.0,1,0,0,0,0,0,0,0
173,5,7806,968,1,1,1,2014,8,8,0,0,0,1,350.0,12.0,2012.0,0,0.0,0.0,1,0,0,0,0,0,0,0
173,4,8060,995,1,1,1,2014,8,7,0,0,0,1,350.0,12.0,2012.0,0,0.0,0.0,1,0,0,0,0,0,0,0
173,3,8551,1005,1,1,1,2014,8,6,0,0,0,1,350.0,12.0,2012.0,0,0.0,0.0,1,0,0,0,0,0,0,0
173,2,9754,1139,1,1,1,2014,8,5,0,0,0,1,350.0,12.0,2012.0,0,0.0,0.0,1,0,0,0,0,0,0,0
173,1,10161,1138,1,1,1,2014,8,4,0,0,0,1,350.0,12.0,2012.0,0,0.0,0.0,1,0,0,0,0,0,0,0
173,7,0,0,0,0,0,2014,8,3,0,0,0,1,350.0,12.0,2012.0,0,0.0,0.0,1,0,0,0,0,0,0,0
173,6,6835,814,1,0,0,2014,8,2,0,0,0,1,350.0,12.0,2012.0,0,0.0,0.0,1,0,0,0,0,0,0,0
173,5,9365,1054,1,1,1,2014,8,1,0,0,0,1,350.0,12.0,2012.0,0,0.0,0.0,1,0,0,0,0,0,0,0
173,4,11056,1218,1,1,1,2014,7,31,0,0,0,1,350.0,12.0,2012.0,0,0.0,0.0,1,0,0,0,0,0,0,0
173,3,8750,1016,1,1,1,2014,7,30,0,0,0,1,350.0,12.0,2012.0,0,0.0,0.0,1,0,0,0,0,0,0,0
173,2,8093,925,1,1,1,2014,7,29,0,0,0,1,350.0,12.0,2012.0,0,0.0,0.0,1,0,0,0,0,0,0,0
173,1,10596,1144,1,1,1,2014,7,28,0,0,0,1,350.0,12.0,2012.0,0,0.0,0.0,1,0,0,0,0,0,0,0
173,7,0,0,0,0,0,2014,7,27,0,0,0,1,350.0,12.0,2012.0,0,0.0,0.0,1,0,0,0,0,0,0,0
173,6,5805,735,1,0,0,2014,7,26,0,0,0,1,350.0,12.0,2012.0,0,0.0,0.0,1,0,0,0,0,0,0,0
173,5,5955,780,1,0,1,2014,7,25,0,0,0,1,350.0,12.0,2012.0,0,0.0,0.0,1,0,0,0,0,0,0,0
173,4,6267,833,1,0,1,2014,7,24,0,0,0,1,350.0,12.0,2012.0,0,0.0,0.0,1,0,0,0,0,0,0,0
173,3,6241,818,1,0,1,2014,7,23,0,0,0,1,350.0,12.0,2012.0,0,0.0,0.0,1,0,0,0,0,0,0,0
173,2,6826,913,1,0,1,2014,7,22,0,0,0,1,350.0,12.0,2012.0,0,0.0,0.0,1,0,0,0,0,0,0,0
173,1,7276,897,1,0,1,2014,7,21,0,0,0,1,350.0,12.0,2012.0,0,0.0,0.0,1,0,0,0,0,0,0,0
173,7,0,0,0,0,0,2014,7,20,0,0,0,1,350.0,12.0,2012.0,0,0.0,0.0,1,0,0,0,0,0,0,0
173,6,6084,704,1,0,0,2014,7,19,0,0,0,1,350.0,12.0,2012.0,0,0.0,0.0,1,0,0,0,0,0,0,0
173,5,8546,1008,1,1,1,2014,7,18,0,0,0,1,350.0,12.0,2012.0,0,0.0,0.0,1,0,0,0,0,0,0,0
173,4,8663,1021,1,1,1,2014,7,17,0,0,0,1,350.0,12.0,2012.0,0,0.0,0.0,1,0,0,0,0,0,0,0
173,3,9593,1095,1,1,1,2014,7,16,0,0,0,1,350.0,12.0,2012.0,0,0.0,0.0,1,0,0,0,0,0,0,0
173,2,9928,1100,1,1,1,2014,7,15,0,0,0,1,350.0,12.0,2012.0,0,0.0,0.0,1,0,0,0,0,0,0,0
173,1,11738,1231,1,1,1,2014,7,14,0,0,0,1,350.0,12.0,2012.0,0,0.0,0.0,1,0,0,0,0,0,0,0
173,7,0,0,0,0,0,2014,7,13,0,0,0,1,350.0,12.0,2012.0,0,0.0,0.0,1,0,0,0,0,0,0,0
173,6,7369,845,1,0,0,2014,7,12,0,0,0,1,350.0,12.0,2012.0,0,0.0,0.0,1,0,0,0,0,0,0,0
173,5,7815,956,1,0,1,2014,7,11,0,0,0,1,350.0,12.0,2012.0,0,0.0,0.0,1,0,0,0,0,0,0,0
173,4,7621,990,1,0,1,2014,7,10,0,0,0,1,350.0,12.0,2012.0,0,0.0,0.0,1,0,0,0,0,0,0,0
173,3,7295,901,1,0,1,2014,7,9,0,0,0,1,350.0,12.0,2012.0,0,0.0,0.0,1,0,0,0,0,0,0,0
173,2,6550,834,1,0,0,2014,7,8,0,0,0,1,350.0,12.0,2012.0,0,0.0,0.0,1,0,0,0,0,0,0,0
173,1,9018,1086,1,0,0,2014,7,7,0,0,0,1,350.0,12.0,2012.0,0,0.0,0.0,1,0,0,0,0,0,0,0
173,7,0,0,0,0,0,2014,7,6,0,0,0,1,350.0,12.0,2012.0,0,0.0,0.0,1,0,0,0,0,0,0,0
173,6,6889,848,1,0,0,2014,7,5,0,0,0,1,350.0,12.0,2012.0,0,0.0,0.0,1,0,0,0,0,0,0,0
173,5,8122,984,1,1,0,2014,7,4,0,0,0,1,350.0,12.0,2012.0,0,0.0,0.0,1,0,0,0,0,0,0,0
173,4,9660,1108,1,1,0,2014,7,3,0,0,0,1,350.0,12.0,2012.0,0,0.0,0.0,1,0,0,0,0,0,0,0
173,3,10333,1162,1,1,0,2014,7,2,0,0,0,1,350.0,12.0,2012.0,0,0.0,0.0,1,0,0,0,0,0,0,0
173,2,11755,1263,1,1,0,2014,7,1,0,0,0,1,350.0,12.0,2012.0,0,0.0,0.0,1,0,0,0,0,0,0,0
173,1,15440,1504,1,1,0,2014,6,30,0,0,0,1,350.0,12.0,2012.0,0,0.0,0.0,1,0,0,0,0,0,0,0
173,7,0,0,0,0,0,2014,6,29,0,0,0,1,350.0,12.0,2012.0,0,0.0,0.0,1,0,0,0,0,0,0,0
173,6,6634,861,1,0,0,2014,6,28,0,0,0,1,350.0,12.0,2012.0,0,0.0,0.0,1,0,0,0,0,0,0,0
173,5,7443,930,1,0,0,2014,6,27,0,0,0,1,350.0,12.0,2012.0,0,0.0,0.0,1,0,0,0,0,0,0,0
173,4,6078,842,1,0,0,2014,6,26,0,0,0,1,350.0,12.0,2012.0,0,0.0,0.0,1,0,0,0,0,0,0,0
173,3,5649,768,1,0,0,2014,6,25,0,0,0,1,350.0,12.0,2012.0,0,0.0,0.0,1,0,0,0,0,0,0,0
173,2,6751,882,1,0,0,2014,6,24,0,0,0,1,350.0,12.0,2012.0,0,0.0,0.0,1,0,0,0,0,0,0,0
173,1,7523,1013,1,0,0,2014,6,23,0,0,0,1,350.0,12.0,2012.0,0,0.0,0.0,1,0,0,0,0,0,0,0
173,7,0,0,0,0,0,2014,6,22,0,0,0,1,350.0,12.0,2012.0,0,0.0,0.0,1,0,0,0,0,0,0,0
173,6,6434,809,1,0,0,2014,6,21,0,0,0,1,350.0,12.0,2012.0,0,0.0,0.0,1,0,0,0,0,0,0,0
173,5,9092,1105,1,1,0,2014,6,20,0,0,0,1,350.0,12.0,2012.0,0,0.0,0.0,1,0,0,0,0,0,0,0
173,4,8810,1050,1,1,0,2014,6,19,0,0,0,1,350.0,12.0,2012.0,0,0.0,0.0,1,0,0,0,0,0,0,0
173,3,9334,1092,1,1,0,2014,6,18,0,0,0,1,350.0,12.0,2012.0,0,0.0,0.0,1,0,0,0,0,0,0,0
173,2,10693,1204,1,1,0,2014,6,17,0,0,0,1,350.0,12.0,2012.0,0,0.0,0.0,1,0,0,0,0,0,0,0
173,1,10575,1211,1,1,0,2014,6,16,0,0,0,1,350.0,12.0,2012.0,0,0.0,0.0,1,0,0,0,0,0,0,0
173,7,0,0,0,0,0,2014,6,15,0,0,0,1,350.0,12.0,2012.0,0,0.0,0.0,1,0,0,0,0,0,0,0
173,6,5889,767,1,0,0,2014,6,14,0,0,0,1,350.0,12.0,2012.0,0,0.0,0.0,1,0,0,0,0,0,0,0
173,5,7492,973,1,0,0,2014,6,13,0,0,0,1,350.0,12.0,2012.0,0,0.0,0.0,1,0,0,0,0,0,0,0
173,4,7944,1018,1,0,0,2014,6,12,0,0,0,1,350.0,12.0,2012.0,0,0.0,0.0,1,0,0,0,0,0,0,0
173,3,6176,856,1,0,0,2014,6,11,0,0,0,1,350.0,12.0,2012.0,0,0.0,0.0,1,0,0,0,0,0,0,0
173,2,7937,1049,1,0,0,2014,6,10,0,0,0,1,350.0,12.0,2012.0,0,0.0,0.0,1,0,0,0,0,0,0,0
173,1,0,0,0,0,0,2014,6,9,1,0,0,1,350.0,12.0,2012.0,0,0.0,0.0,1,0,0,0,0,0,0,0
173,7,0,0,0,0,0,2014,6,8,0,0,0,1,350.0,12.0,2012.0,0,0.0,0.0,1,0,0,0,0,0,0,0
173,6,6761,863,1,0,0,2014,6,7,0,0,0,1,350.0,12.0,2012.0,0,0.0,0.0,1,0,0,0,0,0,0,0
173,5,9308,1116,1,1,0,2014,6,6,0,0,0,1,350.0,12.0,2012.0,0,0.0,0.0,1,0,0,0,0,0,0,0
173,4,9450,1115,1,1,0,2014,6,5,0,0,0,1,350.0,12.0,2012.0,0,0.0,0.0,1,0,0,0,0,0,0,0
173,3,9062,1103,1,1,0,2014,6,4,0,0,0,1,350.0,12.0,2012.0,0,0.0,0.0,1,0,0,0,0,0,0,0
173,2,10894,1220,1,1,0,2014,6,3,0,0,0,1,350.0,12.0,2012.0,0,0.0,0.0,1,0,0,0,0,0,0,0
173,1,12881,1417,1,1,0,2014,6,2,0,0,0,1,350.0,12.0,2012.0,0,0.0,0.0,1,0,0,0,0,0,0,0
173,7,0,0,0,0,0,2014,6,1,0,0,0,1,350.0,12.0,2012.0,0,0.0,0.0,1,0,0,0,0,0,0,0
173,6,7584,928,1,0,0,2014,5,31,0,0,0,1,350.0,12.0,2012.0,0,0.0,0.0,1,0,0,0,0,0,0,0
173,5,11759,1297,1,0,1,2014,5,30,0,0,0,1,350.0,12.0,2012.0,0,0.0,0.0,1,0,0,0,0,0,0,0
173,4,0,0,0,0,0,2014,5,29,1,0,0,1,350.0,12.0,2012.0,0,0.0,0.0,1,0,0,0,0,0,0,0
173,3,6324,812,1,0,0,2014,5,28,0,0,0,1,350.0,12.0,2012.0,0,0.0,0.0,1,0,0,0,0,0,0,0
173,2,5986,828,1,0,0,2014,5,27,0,0,0,1,350.0,12.0,2012.0,0,0.0,0.0,1,0,0,0,0,0,0,0
173,1,7065,984,1,0,0,2014,5,26,0,0,0,1,350.0,12.0,2012.0,0,0.0,0.0,1,0,0,0,0,0,0,0
173,7,0,0,0,0,0,2014,5,25,0,0,0,1,350.0,12.0,2012.0,0,0.0,0.0,1,0,0,0,0,0,0,0
173,6,6414,792,1,0,0,2014,5,24,0,0,0,1,350.0,12.0,2012.0,0,0.0,0.0,1,0,0,0,0,0,0,0
173,5,8969,1055,1,1,0,2014,5,23,0,0,0,1,350.0,12.0,2012.0,0,0.0,0.0,1,0,0,0,0,0,0,0
173,4,8462,1067,1,1,0,2014,5,22,0,0,0,1,350.0,12.0,2012.0,0,0.0,0.0,1,0,0,0,0,0,0,0
173,3,8753,1042,1,1,0,2014,5,21,0,0,0,1,350.0,12.0,2012.0,0,0.0,0.0,1,0,0,0,0,0,0,0
173,2,9136,1083,1,1,0,2014,5,20,0,0,0,1,350.0,12.0,2012.0,0,0.0,0.0,1,0,0,0,0,0,0,0
173,1,11706,1233,1,1,0,2014,5,19,0,0,0,1,350.0,12.0,2012.0,0,0.0,0.0,1,0,0,0,0,0,0,0
173,7,0,0,0,0,0,2014,5,18,0,0,0,1,350.0,12.0,2012.0,0,0.0,0.0,1,0,0,0,0,0,0,0
173,6,5998,757,1,0,0,2014,5,17,0,0,0,1,350.0,12.0,2012.0,0,0.0,0.0,1,0,0,0,0,0,0,0
173,5,7046,932,1,0,0,2014,5,16,0,0,0,1,350.0,12.0,2012.0,0,0.0,0.0,1,0,0,0,0,0,0,0
173,4,6665,925,1,0,0,2014,5,15,0,0,0,1,350.0,12.0,2012.0,0,0.0,0.0,1,0,0,0,0,0,0,0
173,3,6390,898,1,0,0,2014,5,14,0,0,0,1,350.0,12.0,2012.0,0,0.0,0.0,1,0,0,0,0,0,0,0
173,2,7112,971,1,0,0,2014,5,13,0,0,0,1,350.0,12.0,2012.0,0,0.0,0.0,1,0,0,0,0,0,0,0
173,1,7810,985,1,0,0,2014,5,12,0,0,0,1,350.0,12.0,2012.0,0,0.0,0.0,1,0,0,0,0,0,0,0
173,7,0,0,0,0,0,2014,5,11,0,0,0,1,350.0,12.0,2012.0,0,0.0,0.0,1,0,0,0,0,0,0,0
173,6,7307,914,1,0,0,2014,5,10,0,0,0,1,350.0,12.0,2012.0,0,0.0,0.0,1,0,0,0,0,0,0,0
173,5,8941,1051,1,1,0,2014,5,9,0,0,0,1,350.0,12.0,2012.0,0,0.0,0.0,1,0,0,0,0,0,0,0
173,4,9095,1096,1,1,0,2014,5,8,0,0,0,1,350.0,12.0,2012.0,0,0.0,0.0,1,0,0,0,0,0,0,0
173,3,9721,1074,1,1,0,2014,5,7,0,0,0,1,350.0,12.0,2012.0,0,0.0,0.0,1,0,0,0,0,0,0,0
173,2,10640,1199,1,1,0,2014,5,6,0,0,0,1,350.0,12.0,2012.0,0,0.0,0.0,1,0,0,0,0,0,0,0
173,1,11773,1348,1,1,0,2014,5,5,0,0,0,1,350.0,12.0,2012.0,0,0.0,0.0,1,0,0,0,0,0,0,0
173,7,0,0,0,0,0,2014,5,4,0,0,0,1,350.0,12.0,2012.0,0,0.0,0.0,1,0,0,0,0,0,0,0
173,6,6856,898,1,0,0,2014,5,3,0,0,0,1,350.0,12.0,2012.0,0,0.0,0.0,1,0,0,0,0,0,0,0
173,5,11016,1199,1,1,1,2014,5,2,0,0,0,1,350.0,12.0,2012.0,0,0.0,0.0,1,0,0,0,0,0,0,0
173,4,0,0,0,1,0,2014,5,1,1,0,0,1,350.0,12.0,2012.0,0,0.0,0.0,1,0,0,0,0,0,0,0
173,3,12446,1336,1,1,0,2014,4,30,0,0,0,1,350.0,12.0,2012.0,0,0.0,0.0,1,0,0,0,0,0,0,0
173,2,10694,1205,1,1,0,2014,4,29,0,0,0,1,350.0,12.0,2012.0,0,0.0,0.0,1,0,0,0,0,0,0,0
173,1,11814,1355,1,1,0,2014,4,28,0,0,0,1,350.0,12.0,2012.0,0,0.0,0.0,1,0,0,0,0,0,0,0
173,7,0,0,0,0,0,2014,4,27,0,0,0,1,350.0,12.0,2012.0,0,0.0,0.0,1,0,0,0,0,0,0,0
173,6,6406,807,1,0,0,2014,4,26,0,0,0,1,350.0,12.0,2012.0,0,0.0,0.0,1,0,0,0,0,0,0,0
173,5,6684,872,1,0,1,2014,4,25,0,0,0,1,350.0,12.0,2012.0,0,0.0,0.0,1,0,0,0,0,0,0,0
173,4,7311,946,1,0,1,2014,4,24,0,0,0,1,350.0,12.0,2012.0,0,0.0,0.0,1,0,0,0,0,0,0,0
173,3,6538,907,1,0,1,2014,4,23,0,0,0,1,350.0,12.0,2012.0,0,0.0,0.0,1,0,0,0,0,0,0,0
173,2,7668,985,1,0,1,2014,4,22,0,0,0,1,350.0,12.0,2012.0,0,0.0,0.0,1,0,0,0,0,0,0,0
173,1,0,0,0,0,1,2014,4,21,0,1,0,1,350.0,12.0,2012.0,0,0.0,0.0,1,0,0,0,0,0,0,0
173,7,0,0,0,0,0,2014,4,20,0,0,0,1,350.0,12.0,2012.0,0,0.0,0.0,1,0,0,0,0,0,0,0
173,6,7753,1011,1,0,0,2014,4,19,0,0,0,1,350.0,12.0,2012.0,0,0.0,0.0,1,0,0,0,0,0,0,0
173,5,0,0,0,1,1,2014,4,18,0,1,0,1,350.0,12.0,2012.0,0,0.0,0.0,1,0,0,0,0,0,0,0
173,4,11019,1303,1,1,1,2014,4,17,0,0,0,1,350.0,12.0,2012.0,0,0.0,0.0,1,0,0,0,0,0,0,0
173,3,10608,1254,1,1,1,2014,4,16,0,0,0,1,350.0,12.0,2012.0,0,0.0,0.0,1,0,0,0,0,0,0,0
173,2,12290,1370,1,1,1,2014,4,15,0,0,0,1,350.0,12.0,2012.0,0,0.0,0.0,1,0,0,0,0,0,0,0
173,1,11035,1213,1,1,1,2014,4,14,0,0,0,1,350.0,12.0,2012.0,0,0.0,0.0,1,0,0,0,0,0,0,0
173,7,0,0,0,0,0,2014,4,13,0,0,0,1,350.0,12.0,2012.0,0,0.0,0.0,1,0,0,0,0,0,0,0
173,6,6449,834,1,0,0,2014,4,12,0,0,0,1,350.0,12.0,2012.0,0,0.0,0.0,1,0,0,0,0,0,0,0
173,5,7525,937,1,0,0,2014,4,11,0,0,0,1,350.0,12.0,2012.0,0,0.0,0.0,1,0,0,0,0,0,0,0
173,4,7494,1000,1,0,0,2014,4,10,0,0,0,1,350.0,12.0,2012.0,0,0.0,0.0,1,0,0,0,0,0,0,0
173,3,7005,930,1,0,0,2014,4,9,0,0,0,1,350.0,12.0,2012.0,0,0.0,0.0,1,0,0,0,0,0,0,0
173,2,7445,973,1,0,0,2014,4,8,0,0,0,1,350.0,12.0,2012.0,0,0.0,0.0,1,0,0,0,0,0,0,0
173,1,8225,1076,1,0,0,2014,4,7,0,0,0,1,350.0,12.0,2012.0,0,0.0,0.0,1,0,0,0,0,0,0,0
173,7,0,0,0,0,0,2014,4,6,0,0,0,1,350.0,12.0,2012.0,0,0.0,0.0,1,0,0,0,0,0,0,0
173,6,6453,838,1,0,0,2014,4,5,0,0,0,1,350.0,12.0,2012.0,0,0.0,0.0,1,0,0,0,0,0,0,0
173,5,9560,1123,1,1,0,2014,4,4,0,0,0,1,350.0,12.0,2012.0,0,0.0,0.0,1,0,0,0,0,0,0,0
173,4,8831,1103,1,1,0,2014,4,3,0,0,0,1,350.0,12.0,2012.0,0,0.0,0.0,1,0,0,0,0,0,0,0
173,3,10241,1161,1,1,0,2014,4,2,0,0,0,1,350.0,12.0,2012.0,0,0.0,0.0,1,0,0,0,0,0,0,0
173,2,11254,1264,1,1,0,2014,4,1,0,0,0,1,350.0,12.0,2012.0,0,0.0,0.0,1,0,0,0,0,0,0,0
173,1,13802,1408,1,1,0,2014,3,31,0,0,0,1,350.0,12.0,2012.0,0,0.0,0.0,1,0,0,0,0,0,0,0
173,7,0,0,0,0,0,2014,3,30,0,0,0,1,350.0,12.0,2012.0,0,0.0,0.0,1,0,0,0,0,0,0,0
173,6,6318,781,1,0,0,2014,3,29,0,0,0,1,350.0,12.0,2012.0,0,0.0,0.0,1,0,0,0,0,0,0,0
173,5,7272,983,1,0,0,2014,3,28,0,0,0,1,350.0,12.0,2012.0,0,0.0,0.0,1,0,0,0,0,0,0,0
173,4,6708,920,1,0,0,2014,3,27,0,0,0,1,350.0,12.0,2012.0,0,0.0,0.0,1,0,0,0,0,0,0,0
173,3,6829,920,1,0,0,2014,3,26,0,0,0,1,350.0,12.0,2012.0,0,0.0,0.0,1,0,0,0,0,0,0,0
173,2,5635,821,1,0,0,2014,3,25,0,0,0,1,350.0,12.0,2012.0,0,0.0,0.0,1,0,0,0,0,0,0,0
173,1,7476,986,1,0,0,2014,3,24,0,0,0,1,350.0,12.0,2012.0,0,0.0,0.0,1,0,0,0,0,0,0,0
173,7,0,0,0,0,0,2014,3,23,0,0,0,1,350.0,12.0,2012.0,0,0.0,0.0,1,0,0,0,0,0,0,0
173,6,6279,791,1,0,0,2014,3,22,0,0,0,1,350.0,12.0,2012.0,0,0.0,0.0,1,0,0,0,0,0,0,0
173,5,8015,992,1,1,0,2014,3,21,0,0,0,1,350.0,12.0,2012.0,0,0.0,0.0,1,0,0,0,0,0,0,0
173,4,8969,1091,1,1,0,2014,3,20,0,0,0,1,350.0,12.0,2012.0,0,0.0,0.0,1,0,0,0,0,0,0,0
173,3,8127,947,1,1,0,2014,3,19,0,0,0,1,350.0,12.0,2012.0,0,0.0,0.0,1,0,0,0,0,0,0,0
173,2,9329,1113,1,1,0,2014,3,18,0,0,0,1,350.0,12.0,2012.0,0,0.0,0.0,1,0,0,0,0,0,0,0
173,1,10642,1207,1,1,0,2014,3,17,0,0,0,1,350.0,12.0,2012.0,0,0.0,0.0,1,0,0,0,0,0,0,0
173,7,0,0,0,0,0,2014,3,16,0,0,0,1,350.0,12.0,2012.0,0,0.0,0.0,1,0,0,0,0,0,0,0
173,6,5815,744,1,0,0,2014,3,15,0,0,0,1,350.0,12.0,2012.0,0,0.0,0.0,1,0,0,0,0,0,0,0
173,5,6931,887,1,0,0,2014,3,14,0,0,0,1,350.0,12.0,2012.0,0,0.0,0.0,1,0,0,0,0,0,0,0
173,4,6598,902,1,0,0,2014,3,13,0,0,0,1,350.0,12.0,2012.0,0,0.0,0.0,1,0,0,0,0,0,0,0
173,3,6670,926,1,0,0,2014,3,12,0,0,0,1,350.0,12.0,2012.0,0,0.0,0.0,1,0,0,0,0,0,0,0
173,2,6708,893,1,0,0,2014,3,11,0,0,0,1,350.0,12.0,2012.0,0,0.0,0.0,1,0,0,0,0,0,0,0
173,1,7342,961,1,0,0,2014,3,10,0,0,0,1,350.0,12.0,2012.0,0,0.0,0.0,1,0,0,0,0,0,0,0
173,7,0,0,0,0,0,2014,3,9,0,0,0,1,350.0,12.0,2012.0,0,0.0,0.0,1,0,0,0,0,0,0,0
173,6,6237,826,1,0,0,2014,3,8,0,0,0,1,350.0,12.0,2012.0,0,0.0,0.0,1,0,0,0,0,0,0,0
173,5,9837,1141,1,1,0,2014,3,7,0,0,0,1,350.0,12.0,2012.0,0,0.0,0.0,1,0,0,0,0,0,0,0
173,4,9039,1081,1,1,0,2014,3,6,0,0,0,1,350.0,12.0,2012.0,0,0.0,0.0,1,0,0,0,0,0,0,0
173,3,9368,1114,1,1,0,2014,3,5,0,0,0,1,350.0,12.0,2012.0,0,0.0,0.0,1,0,0,0,0,0,0,0
173,2,10461,1193,1,1,0,2014,3,4,0,0,0,1,350.0,12.0,2012.0,0,0.0,0.0,1,0,0,0,0,0,0,0
173,1,13127,1413,1,1,0,2014,3,3,0,0,0,1,350.0,12.0,2012.0,0,0.0,0.0,1,0,0,0,0,0,0,0
173,7,0,0,0,0,0,2014,3,2,0,0,0,1,350.0,12.0,2012.0,0,0.0,0.0,1,0,0,0,0,0,0,0
173,6,8112,934,1,0,0,2014,3,1,0,0,0,1,350.0,12.0,2012.0,0,0.0,0.0,1,0,0,0,0,0,0,0
173,5,8690,1026,1,0,0,2014,2,28,0,0,0,1,350.0,12.0,2012.0,0,0.0,0.0,1,0,0,0,0,0,0,0
173,4,6339,885,1,0,0,2014,2,27,0,0,0,1,350.0,12.0,2012.0,0,0.0,0.0,1,0,0,0,0,0,0,0
173,3,5906,886,1,0,0,2014,2,26,0,0,0,1,350.0,12.0,2012.0,0,0.0,0.0,1,0,0,0,0,0,0,0
173,2,6645,975,1,0,0,2014,2,25,0,0,0,1,350.0,12.0,2012.0,0,0.0,0.0,1,0,0,0,0,0,0,0
173,1,7079,984,1,0,0,2014,2,24,0,0,0,1,350.0,12.0,2012.0,0,0.0,0.0,1,0,0,0,0,0,0,0
173,7,0,0,0,0,0,2014,2,23,0,0,0,1,350.0,12.0,2012.0,0,0.0,0.0,1,0,0,0,0,0,0,0
173,6,6433,860,1,0,0,2014,2,22,0,0,0,1,350.0,12.0,2012.0,0,0.0,0.0,1,0,0,0,0,0,0,0
173,5,7816,964,1,1,0,2014,2,21,0,0,0,1,350.0,12.0,2012.0,0,0.0,0.0,1,0,0,0,0,0,0,0
173,4,8423,1046,1,1,0,2014,2,20,0,0,0,1,350.0,12.0,2012.0,0,0.0,0.0,1,0,0,0,0,0,0,0
173,3,8239,1044,1,1,0,2014,2,19,0,0,0,1,350.0,12.0,2012.0,0,0.0,0.0,1,0,0,0,0,0,0,0
173,2,9096,1102,1,1,0,2014,2,18,0,0,0,1,350.0,12.0,2012.0,0,0.0,0.0,1,0,0,0,0,0,0,0
173,1,11626,1316,1,1,0,2014,2,17,0,0,0,1,350.0,12.0,2012.0,0,0.0,0.0,1,0,0,0,0,0,0,0
173,7,0,0,0,0,0,2014,2,16,0,0,0,1,350.0,12.0,2012.0,0,0.0,0.0,1,0,0,0,0,0,0,0
173,6,6379,818,1,0,0,2014,2,15,0,0,0,1,350.0,12.0,2012.0,0,0.0,0.0,1,0,0,0,0,0,0,0
173,5,7107,938,1,0,0,2014,2,14,0,0,0,1,350.0,12.0,2012.0,0,0.0,0.0,1,0,0,0,0,0,0,0
173,4,7757,1017,1,0,0,2014,2,13,0,0,0,1,350.0,12.0,2012.0,0,0.0,0.0,1,0,0,0,0,0,0,0
173,3,7308,1001,1,0,0,2014,2,12,0,0,0,1,350.0,12.0,2012.0,0,0.0,0.0,1,0,0,0,0,0,0,0
173,2,7580,963,1,0,0,2014,2,11,0,0,0,1,350.0,12.0,2012.0,0,0.0,0.0,1,0,0,0,0,0,0,0
173,1,8048,1054,1,0,0,2014,2,10,0,0,0,1,350.0,12.0,2012.0,0,0.0,0.0,1,0,0,0,0,0,0,0
173,7,0,0,0,0,0,2014,2,9,0,0,0,1,350.0,12.0,2012.0,0,0.0,0.0,1,0,0,0,0,0,0,0
173,6,5961,797,1,0,0,2014,2,8,0,0,0,1,350.0,12.0,2012.0,0,0.0,0.0,1,0,0,0,0,0,0,0
173,5,8568,1050,1,1,1,2014,2,7,0,0,0,1,350.0,12.0,2012.0,0,0.0,0.0,1,0,0,0,0,0,0,0
173,4,9102,1064,1,1,1,2014,2,6,0,0,0,1,350.0,12.0,2012.0,0,0.0,0.0,1,0,0,0,0,0,0,0
173,3,8702,1024,1,1,1,2014,2,5,0,0,0,1,350.0,12.0,2012.0,0,0.0,0.0,1,0,0,0,0,0,0,0
173,2,10535,1204,1,1,1,2014,2,4,0,0,0,1,350.0,12.0,2012.0,0,0.0,0.0,1,0,0,0,0,0,0,0
173,1,12379,1285,1,1,1,2014,2,3,0,0,0,1,350.0,12.0,2012.0,0,0.0,0.0,1,0,0,0,0,0,0,0
173,7,0,0,0,0,0,2014,2,2,0,0,0,1,350.0,12.0,2012.0,0,0.0,0.0,1,0,0,0,0,0,0,0
173,6,7803,887,1,0,0,2014,2,1,0,0,0,1,350.0,12.0,2012.0,0,0.0,0.0,1,0,0,0,0,0,0,0
173,5,8203,1044,1,0,0,2014,1,31,0,0,0,1,350.0,12.0,2012.0,0,0.0,0.0,1,0,0,0,0,0,0,0
173,4,6616,862,1,0,0,2014,1,30,0,0,0,1,350.0,12.0,2012.0,0,0.0,0.0,1,0,0,0,0,0,0,0
173,3,5962,809,1,0,0,2014,1,29,0,0,0,1,350.0,12.0,2012.0,0,0.0,0.0,1,0,0,0,0,0,0,0
173,2,6356,884,1,0,0,2014,1,28,0,0,0,1,350.0,12.0,2012.0,0,0.0,0.0,1,0,0,0,0,0,0,0
173,1,6509,820,1,0,0,2014,1,27,0,0,0,1,350.0,12.0,2012.0,0,0.0,0.0,1,0,0,0,0,0,0,0
173,7,0,0,0,0,0,2014,1,26,0,0,0,1,350.0,12.0,2012.0,0,0.0,0.0,1,0,0,0,0,0,0,0
173,6,5257,700,1,0,0,2014,1,25,0,0,0,1,350.0,12.0,2012.0,0,0.0,0.0,1,0,0,0,0,0,0,0
173,5,8215,986,1,1,0,2014,1,24,0,0,0,1,350.0,12.0,2012.0,0,0.0,0.0,1,0,0,0,0,0,0,0
173,4,8436,998,1,1,0,2014,1,23,0,0,0,1,350.0,12.0,2012.0,0,0.0,0.0,1,0,0,0,0,0,0,0
173,3,8154,976,1,1,0,2014,1,22,0,0,0,1,350.0,12.0,2012.0,0,0.0,0.0,1,0,0,0,0,0,0,0
173,2,8836,961,1,1,0,2014,1,21,0,0,0,1,350.0,12.0,2012.0,0,0.0,0.0,1,0,0,0,0,0,0,0
173,1,8711,914,1,1,0,2014,1,20,0,0,0,1,350.0,12.0,2012.0,0,0.0,0.0,1,0,0,0,0,0,0,0
173,7,0,0,0,0,0,2014,1,19,0,0,0,1,350.0,12.0,2012.0,0,0.0,0.0,1,0,0,0,0,0,0,0
173,6,6081,787,1,0,0,2014,1,18,0,0,0,1,350.0,12.0,2012.0,0,0.0,0.0,1,0,0,0,0,0,0,0
173,5,6798,948,1,0,0,2014,1,17,0,0,0,1,350.0,12.0,2012.0,0,0.0,0.0,1,0,0,0,0,0,0,0
173,4,6058,808,1,0,0,2014,1,16,0,0,0,1,350.0,12.0,2012.0,0,0.0,0.0,1,0,0,0,0,0,0,0
173,3,6245,867,1,0,0,2014,1,15,0,0,0,1,350.0,12.0,2012.0,0,0.0,0.0,1,0,0,0,0,0,0,0
173,2,6904,943,1,0,0,2014,1,14,0,0,0,1,350.0,12.0,2012.0,0,0.0,0.0,1,0,0,0,0,0,0,0
173,1,7015,968,1,0,0,2014,1,13,0,0,0,1,350.0,12.0,2012.0,0,0.0,0.0,1,0,0,0,0,0,0,0
173,7,0,0,0,0,0,2014,1,12,0,0,0,1,350.0,12.0,2012.0,0,0.0,0.0,1,0,0,0,0,0,0,0
173,6,6377,821,1,0,0,2014,1,11,0,0,0,1,350.0,12.0,2012.0,0,0.0,0.0,1,0,0,0,0,0,0,0
173,5,8459,1058,1,1,0,2014,1,10,0,0,0,1,350.0,12.0,2012.0,0,0.0,0.0,1,0,0,0,0,0,0,0
173,4,8730,1045,1,1,0,2014,1,9,0,0,0,1,350.0,12.0,2012.0,0,0.0,0.0,1,0,0,0,0,0,0,0
173,3,9184,1076,1,1,0,2014,1,8,0,0,0,1,350.0,12.0,2012.0,0,0.0,0.0,1,0,0,0,0,0,0,0
173,2,10850,1251,1,1,0,2014,1,7,0,0,0,1,350.0,12.0,2012.0,0,0.0,0.0,1,0,0,0,0,0,0,0
173,1,12581,1298,1,1,0,2014,1,6,0,0,0,1,350.0,12.0,2012.0,0,0.0,0.0,1,0,0,0,0,0,0,0
173,7,0,0,0,0,0,2014,1,5,0,0,0,1,350.0,12.0,2012.0,0,0.0,0.0,1,0,0,0,0,0,0,0
173,6,6897,888,1,0,0,2014,1,4,0,0,0,1,350.0,12.0,2012.0,0,0.0,0.0,1,0,0,0,0,0,0,0
173,5,7433,986,1,0,1,2014,1,3,0,0,0,1,350.0,12.0,2012.0,0,0.0,0.0,1,0,0,0,0,0,0,0
173,4,8195,1022,1,0,1,2014,1,2,0,0,0,1,350.0,12.0,2012.0,0,0.0,0.0,1,0,0,0,0,0,0,0
173,3,0,0,0,0,1,2014,1,1,1,0,0,1,350.0,12.0,2012.0,0,0.0,0.0,1,0,0,0,0,0,0,0
173,2,4311,614,1,0,1,2013,12,31,0,0,0,1,350.0,12.0,2012.0,0,0.0,0.0,1,0,0,0,0,0,0,0
173,1,11186,1280,1,0,1,2013,12,30,0,0,0,1,350.0,12.0,2012.0,0,0.0,0.0,1,0,0,0,0,0,0,0
173,7,0,0,0,0,0,2013,12,29,0,0,0,1,350.0,12.0,2012.0,0,0.0,0.0,1,0,0,0,0,0,0,0
173,6,6892,866,1,0,0,2013,12,28,0,0,0,1,350.0,12.0,2012.0,0,0.0,0.0,1,0,0,0,0,0,0,0
173,5,8761,1109,1,0,1,2013,12,27,0,0,0,1,350.0,12.0,2012.0,0,0.0,0.0,1,0,0,0,0,0,0,0
173,4,0,0,0,0,1,2013,12,26,0,0,1,1,350.0,12.0,2012.0,0,0.0,0.0,1,0,0,0,0,0,0,0
173,3,0,0,0,0,1,2013,12,25,0,0,1,1,350.0,12.0,2012.0,0,0.0,0.0,1,0,0,0,0,0,0,0
173,2,4329,577,1,0,1,2013,12,24,0,0,0,1,350.0,12.0,2012.0,0,0.0,0.0,1,0,0,0,0,0,0,0
173,1,11741,1468,1,0,1,2013,12,23,0,0,0,1,350.0,12.0,2012.0,0,0.0,0.0,1,0,0,0,0,0,0,0
173,7,0,0,0,0,0,2013,12,22,0,0,0,1,350.0,12.0,2012.0,0,0.0,0.0,1,0,0,0,0,0,0,0
173,6,9781,1122,1,0,0,2013,12,21,0,0,0,1,350.0,12.0,2012.0,0,0.0,0.0,1,0,0,0,0,0,0,0
173,5,11944,1371,1,1,0,2013,12,20,0,0,0,1,350.0,12.0,2012.0,0,0.0,0.0,1,0,0,0,0,0,0,0
173,4,11571,1300,1,1,0,2013,12,19,0,0,0,1,350.0,12.0,2012.0,0,0.0,0.0,1,0,0,0,0,0,0,0
173,3,11771,1338,1,1,0,2013,12,18,0,0,0,1,350.0,12.0,2012.0,0,0.0,0.0,1,0,0,0,0,0,0,0
173,2,13648,1463,1,1,0,2013,12,17,0,0,0,1,350.0,12.0,2012.0,0,0.0,0.0,1,0,0,0,0,0,0,0
173,1,15715,1558,1,1,0,2013,12,16,0,0,0,1,350.0,12.0,2012.0,0,0.0,0.0,1,0,0,0,0,0,0,0
173,7,0,0,0,0,0,2013,12,15,0,0,0,1,350.0,12.0,2012.0,0,0.0,0.0,1,0,0,0,0,0,0,0
173,6,7646,912,1,0,0,2013,12,14,0,0,0,1,350.0,12.0,2012.0,0,0.0,0.0,1,0,0,0,0,0,0,0
173,5,7990,973,1,0,0,2013,12,13,0,0,0,1,350.0,12.0,2012.0,0,0.0,0.0,1,0,0,0,0,0,0,0
173,4,7814,1027,1,0,0,2013,12,12,0,0,0,1,350.0,12.0,2012.0,0,0.0,0.0,1,0,0,0,0,0,0,0
173,3,7621,990,1,0,0,2013,12,11,0,0,0,1,350.0,12.0,2012.0,0,0.0,0.0,1,0,0,0,0,0,0,0
173,2,7628,995,1,0,0,2013,12,10,0,0,0,1,350.0,12.0,2012.0,0,0.0,0.0,1,0,0,0,0,0,0,0
173,1,7915,1016,1,0,0,2013,12,9,0,0,0,1,350.0,12.0,2012.0,0,0.0,0.0,1,0,0,0,0,0,0,0
173,7,0,0,0,0,0,2013,12,8,0,0,0,1,350.0,12.0,2012.0,0,0.0,0.0,1,0,0,0,0,0,0,0
173,6,7477,877,1,0,0,2013,12,7,0,0,0,1,350.0,12.0,2012.0,0,0.0,0.0,1,0,0,0,0,0,0,0
173,5,6711,811,1,1,0,2013,12,6,0,0,0,1,350.0,12.0,2012.0,0,0.0,0.0,1,0,0,0,0,0,0,0
173,4,10864,1186,1,1,0,2013,12,5,0,0,0,1,350.0,12.0,2012.0,0,0.0,0.0,1,0,0,0,0,0,0,0
173,3,11001,1178,1,1,0,2013,12,4,0,0,0,1,350.0,12.0,2012.0,0,0.0,0.0,1,0,0,0,0,0,0,0
173,2,12977,1333,1,1,0,2013,12,3,0,0,0,1,350.0,12.0,2012.0,0,0.0,0.0,1,0,0,0,0,0,0,0
173,1,15061,1532,1,1,0,2013,12,2,0,0,0,1,350.0,12.0,2012.0,0,0.0,0.0,1,0,0,0,0,0,0,0
173,7,0,0,0,0,0,2013,12,1,0,0,0,1,350.0,12.0,2012.0,0,0.0,0.0,1,0,0,0,0,0,0,0
173,6,8438,1017,1,0,0,2013,11,30,0,0,0,1,350.0,12.0,2012.0,0,0.0,0.0,1,0,0,0,0,0,0,0
173,5,8709,1061,1,0,0,2013,11,29,0,0,0,1,350.0,12.0,2012.0,0,0.0,0.0,1,0,0,0,0,0,0,0
173,4,7849,974,1,0,0,2013,11,28,0,0,0,1,350.0,12.0,2012.0,0,0.0,0.0,1,0,0,0,0,0,0,0
173,3,6837,896,1,0,0,2013,11,27,0,0,0,1,350.0,12.0,2012.0,0,0.0,0.0,1,0,0,0,0,0,0,0
173,2,7248,962,1,0,0,2013,11,26,0,0,0,1,350.0,12.0,2012.0,0,0.0,0.0,1,0,0,0,0,0,0,0
173,1,7022,968,1,0,0,2013,11,25,0,0,0,1,350.0,12.0,2012.0,0,0.0,0.0,1,0,0,0,0,0,0,0
173,7,0,0,0,0,0,2013,11,24,0,0,0,1,350.0,12.0,2012.0,0,0.0,0.0,1,0,0,0,0,0,0,0
173,6,7325,884,1,0,0,2013,11,23,0,0,0,1,350.0,12.0,2012.0,0,0.0,0.0,1,0,0,0,0,0,0,0
173,5,8575,1000,1,1,0,2013,11,22,0,0,0,1,350.0,12.0,2012.0,0,0.0,0.0,1,0,0,0,0,0,0,0
173,4,8919,1074,1,1,0,2013,11,21,0,0,0,1,350.0,12.0,2012.0,0,0.0,0.0,1,0,0,0,0,0,0,0
173,3,8039,917,1,1,0,2013,11,20,0,0,0,1,350.0,12.0,2012.0,0,0.0,0.0,1,0,0,0,0,0,0,0
173,2,9824,1154,1,1,0,2013,11,19,0,0,0,1,350.0,12.0,2012.0,0,0.0,0.0,1,0,0,0,0,0,0,0
173,1,10540,1232,1,1,0,2013,11,18,0,0,0,1,350.0,12.0,2012.0,0,0.0,0.0,1,0,0,0,0,0,0,0
173,7,0,0,0,0,0,2013,11,17,0,0,0,1,350.0,12.0,2012.0,0,0.0,0.0,1,0,0,0,0,0,0,0
173,6,6125,765,1,0,0,2013,11,16,0,0,0,1,350.0,12.0,2012.0,0,0.0,0.0,1,0,0,0,0,0,0,0
173,5,6815,882,1,0,0,2013,11,15,0,0,0,1,350.0,12.0,2012.0,0,0.0,0.0,1,0,0,0,0,0,0,0
173,4,5996,829,1,0,0,2013,11,14,0,0,0,1,350.0,12.0,2012.0,0,0.0,0.0,1,0,0,0,0,0,0,0
173,3,6655,855,1,0,0,2013,11,13,0,0,0,1,350.0,12.0,2012.0,0,0.0,0.0,1,0,0,0,0,0,0,0
173,2,7095,909,1,0,0,2013,11,12,0,0,0,1,350.0,12.0,2012.0,0,0.0,0.0,1,0,0,0,0,0,0,0
173,1,7537,981,1,0,0,2013,11,11,0,0,0,1,350.0,12.0,2012.0,0,0.0,0.0,1,0,0,0,0,0,0,0
173,7,0,0,0,0,0,2013,11,10,0,0,0,1,350.0,12.0,2012.0,0,0.0,0.0,1,0,0,0,0,0,0,0
173,6,6427,787,1,0,0,2013,11,9,0,0,0,1,350.0,12.0,2012.0,0,0.0,0.0,1,0,0,0,0,0,0,0
173,5,9762,1142,1,1,0,2013,11,8,0,0,0,1,350.0,12.0,2012.0,0,0.0,0.0,1,0,0,0,0,0,0,0
173,4,9405,1085,1,1,0,2013,11,7,0,0,0,1,350.0,12.0,2012.0,0,0.0,0.0,1,0,0,0,0,0,0,0
173,3,8553,994,1,1,0,2013,11,6,0,0,0,1,350.0,12.0,2012.0,0,0.0,0.0,1,0,0,0,0,0,0,0
173,2,10389,1197,1,1,0,2013,11,5,0,0,0,1,350.0,12.0,2012.0,0,0.0,0.0,1,0,0,0,0,0,0,0
173,1,10839,1202,1,1,0,2013,11,4,0,0,0,1,350.0,12.0,2012.0,0,0.0,0.0,1,0,0,0,0,0,0,0
173,7,0,0,0,0,0,2013,11,3,0,0,0,1,350.0,12.0,2012.0,0,0.0,0.0,1,0,0,0,0,0,0,0
173,6,6768,828,1,0,0,2013,11,2,0,0,0,1,350.0,12.0,2012.0,0,0.0,0.0,1,0,0,0,0,0,0,0
173,5,7814,962,1,0,0,2013,11,1,0,0,0,1,350.0,12.0,2012.0,0,0.0,0.0,1,0,0,0,0,0,0,0
173,4,8590,1066,1,0,0,2013,10,31,0,0,0,1,350.0,12.0,2012.0,0,0.0,0.0,1,0,0,0,0,0,0,0
173,3,7565,940,1,0,0,2013,10,30,0,0,0,1,350.0,12.0,2012.0,0,0.0,0.0,1,0,0,0,0,0,0,0
173,2,6406,966,1,0,0,2013,10,29,0,0,0,1,350.0,12.0,2012.0,0,0.0,0.0,1,0,0,0,0,0,0,0
173,1,6416,909,1,0,0,2013,10,28,0,0,0,1,350.0,12.0,2012.0,0,0.0,0.0,1,0,0,0,0,0,0,0
173,7,0,0,0,0,0,2013,10,27,0,0,0,1,350.0,12.0,2012.0,0,0.0,0.0,1,0,0,0,0,0,0,0
173,6,6000,806,1,0,0,2013,10,26,0,0,0,1,350.0,12.0,2012.0,0,0.0,0.0,1,0,0,0,0,0,0,0
173,5,8250,1038,1,1,0,2013,10,25,0,0,0,1,350.0,12.0,2012.0,0,0.0,0.0,1,0,0,0,0,0,0,0
173,4,8244,1043,1,1,0,2013,10,24,0,0,0,1,350.0,12.0,2012.0,0,0.0,0.0,1,0,0,0,0,0,0,0
173,3,8271,1003,1,1,0,2013,10,23,0,0,0,1,350.0,12.0,2012.0,0,0.0,0.0,1,0,0,0,0,0,0,0
173,2,9005,1097,1,1,0,2013,10,22,0,0,0,1,350.0,12.0,2012.0,0,0.0,0.0,1,0,0,0,0,0,0,0
173,1,10818,1271,1,1,0,2013,10,21,0,0,0,1,350.0,12.0,2012.0,0,0.0,0.0,1,0,0,0,0,0,0,0
173,7,0,0,0,0,0,2013,10,20,0,0,0,1,350.0,12.0,2012.0,0,0.0,0.0,1,0,0,0,0,0,0,0
173,6,5961,792,1,0,0,2013,10,19,0,0,0,1,350.0,12.0,2012.0,0,0.0,0.0,1,0,0,0,0,0,0,0
173,5,6750,952,1,0,0,2013,10,18,0,0,0,1,350.0,12.0,2012.0,0,0.0,0.0,1,0,0,0,0,0,0,0
173,4,6149,858,1,0,0,2013,10,17,0,0,0,1,350.0,12.0,2012.0,0,0.0,0.0,1,0,0,0,0,0,0,0
173,3,6389,908,1,0,0,2013,10,16,0,0,0,1,350.0,12.0,2012.0,0,0.0,0.0,1,0,0,0,0,0,0,0
173,2,6436,863,1,0,0,2013,10,15,0,0,0,1,350.0,12.0,2012.0,0,0.0,0.0,1,0,0,0,0,0,0,0
173,1,7537,1047,1,0,0,2013,10,14,0,0,0,1,350.0,12.0,2012.0,0,0.0,0.0,1,0,0,0,0,0,0,0
173,7,0,0,0,0,0,2013,10,13,0,0,0,1,350.0,12.0,2012.0,0,0.0,0.0,1,0,0,0,0,0,0,0
173,6,6679,843,1,0,0,2013,10,12,0,0,0,1,350.0,12.0,2012.0,0,0.0,0.0,1,0,0,0,0,0,0,0
173,5,9255,1124,1,1,1,2013,10,11,0,0,0,1,350.0,12.0,2012.0,0,0.0,0.0,1,0,0,0,0,0,0,0
173,4,8088,968,1,1,1,2013,10,10,0,0,0,1,350.0,12.0,2012.0,0,0.0,0.0,1,0,0,0,0,0,0,0
173,3,9153,1060,1,1,1,2013,10,9,0,0,0,1,350.0,12.0,2012.0,0,0.0,0.0,1,0,0,0,0,0,0,0
173,2,10026,1178,1,1,1,2013,10,8,0,0,0,1,350.0,12.0,2012.0,0,0.0,0.0,1,0,0,0,0,0,0,0
173,1,11878,1291,1,1,1,2013,10,7,0,0,0,1,350.0,12.0,2012.0,0,0.0,0.0,1,0,0,0,0,0,0,0
173,7,0,0,0,0,0,2013,10,6,0,0,0,1,350.0,12.0,2012.0,0,0.0,0.0,1,0,0,0,0,0,0,0
173,6,7317,888,1,0,0,2013,10,5,0,0,0,1,350.0,12.0,2012.0,0,0.0,0.0,1,0,0,0,0,0,0,0
173,5,8280,1064,1,0,1,2013,10,4,0,0,0,1,350.0,12.0,2012.0,0,0.0,0.0,1,0,0,0,0,0,0,0
173,4,0,0,0,0,1,2013,10,3,1,0,0,1,350.0,12.0,2012.0,0,0.0,0.0,1,0,0,0,0,0,0,0
173,3,7482,983,1,0,1,2013,10,2,0,0,0,1,350.0,12.0,2012.0,0,0.0,0.0,1,0,0,0,0,0,0,0
173,2,8409,1011,1,0,1,2013,10,1,0,0,0,1,350.0,12.0,2012.0,0,0.0,0.0,1,0,0,0,0,0,0,0
173,1,9335,1163,1,0,1,2013,9,30,0,0,0,1,350.0,12.0,2012.0,0,0.0,0.0,1,0,0,0,0,0,0,0
173,7,0,0,0,0,0,2013,9,29,0,0,0,1,350.0,12.0,2012.0,0,0.0,0.0,1,0,0,0,0,0,0,0
173,6,6399,852,1,0,0,2013,9,28,0,0,0,1,350.0,12.0,2012.0,0,0.0,0.0,1,0,0,0,0,0,0,0
173,5,9030,1087,1,1,0,2013,9,27,0,0,0,1,350.0,12.0,2012.0,0,0.0,0.0,1,0,0,0,0,0,0,0
173,4,8397,995,1,1,0,2013,9,26,0,0,0,1,350.0,12.0,2012.0,0,0.0,0.0,1,0,0,0,0,0,0,0
173,3,8998,1061,1,1,0,2013,9,25,0,0,0,1,350.0,12.0,2012.0,0,0.0,0.0,1,0,0,0,0,0,0,0
173,2,8692,972,1,1,0,2013,9,24,0,0,0,1,350.0,12.0,2012.0,0,0.0,0.0,1,0,0,0,0,0,0,0
173,1,10878,1241,1,1,0,2013,9,23,0,0,0,1,350.0,12.0,2012.0,0,0.0,0.0,1,0,0,0,0,0,0,0
173,7,0,0,0,0,0,2013,9,22,0,0,0,1,350.0,12.0,2012.0,0,0.0,0.0,1,0,0,0,0,0,0,0
173,6,6641,861,1,0,0,2013,9,21,0,0,0,1,350.0,12.0,2012.0,0,0.0,0.0,1,0,0,0,0,0,0,0
173,5,5820,818,1,0,0,2013,9,20,0,0,0,1,350.0,12.0,2012.0,0,0.0,0.0,1,0,0,0,0,0,0,0
173,4,6126,849,1,0,0,2013,9,19,0,0,0,1,350.0,12.0,2012.0,0,0.0,0.0,1,0,0,0,0,0,0,0
173,3,5535,752,1,0,0,2013,9,18,0,0,0,1,350.0,12.0,2012.0,0,0.0,0.0,1,0,0,0,0,0,0,0
173,2,7085,975,1,0,0,2013,9,17,0,0,0,1,350.0,12.0,2012.0,0,0.0,0.0,1,0,0,0,0,0,0,0
173,1,7906,989,1,0,0,2013,9,16,0,0,0,1,350.0,12.0,2012.0,0,0.0,0.0,1,0,0,0,0,0,0,0
173,7,0,0,0,0,0,2013,9,15,0,0,0,1,350.0,12.0,2012.0,0,0.0,0.0,1,0,0,0,0,0,0,0
173,6,6248,810,1,0,0,2013,9,14,0,0,0,1,350.0,12.0,2012.0,0,0.0,0.0,1,0,0,0,0,0,0,0
173,5,8625,1112,1,1,0,2013,9,13,0,0,0,1,350.0,12.0,2012.0,0,0.0,0.0,1,0,0,0,0,0,0,0
173,4,9761,1166,1,1,0,2013,9,12,0,0,0,1,350.0,12.0,2012.0,0,0.0,0.0,1,0,0,0,0,0,0,0
173,3,9405,1097,1,1,0,2013,9,11,0,0,0,1,350.0,12.0,2012.0,0,0.0,0.0,1,0,0,0,0,0,0,0
173,2,10350,1198,1,1,0,2013,9,10,0,0,0,1,350.0,12.0,2012.0,0,0.0,0.0,1,0,0,0,0,0,0,0
173,1,11201,1177,1,1,0,2013,9,9,0,0,0,1,350.0,12.0,2012.0,0,0.0,0.0,1,0,0,0,0,0,0,0
173,7,0,0,0,0,0,2013,9,8,0,0,0,1,350.0,12.0,2012.0,0,0.0,0.0,1,0,0,0,0,0,0,0
173,6,6109,795,1,0,0,2013,9,7,0,0,0,1,350.0,12.0,2012.0,0,0.0,0.0,1,0,0,0,0,0,0,0
173,5,6912,915,1,0,0,2013,9,6,0,0,0,1,350.0,12.0,2012.0,0,0.0,0.0,1,0,0,0,0,0,0,0
173,4,6309,949,1,0,0,2013,9,5,0,0,0,1,350.0,12.0,2012.0,0,0.0,0.0,1,0,0,0,0,0,0,0
173,3,7048,951,1,0,0,2013,9,4,0,0,0,1,350.0,12.0,2012.0,0,0.0,0.0,1,0,0,0,0,0,0,0
173,2,7520,1006,1,0,0,2013,9,3,0,0,0,1,350.0,12.0,2012.0,0,0.0,0.0,1,0,0,0,0,0,0,0
173,1,6919,948,1,0,0,2013,9,2,0,0,0,1,350.0,12.0,2012.0,0,0.0,0.0,1,0,0,0,0,0,0,0
173,7,0,0,0,0,0,2013,9,1,0,0,0,1,350.0,12.0,2012.0,0,0.0,0.0,1,0,0,0,0,0,0,0
173,6,6923,852,1,0,0,2013,8,31,0,0,0,1,350.0,12.0,2012.0,0,0.0,0.0,1,0,0,0,0,0,0,0
173,5,10196,1231,1,1,0,2013,8,30,0,0,0,1,350.0,12.0,2012.0,0,0.0,0.0,1,0,0,0,0,0,0,0
173,4,8310,1030,1,1,0,2013,8,29,0,0,0,1,350.0,12.0,2012.0,0,0.0,0.0,1,0,0,0,0,0,0,0
173,3,8496,1087,1,1,0,2013,8,28,0,0,0,1,350.0,12.0,2012.0,0,0.0,0.0,1,0,0,0,0,0,0,0
173,2,9524,1140,1,1,0,2013,8,27,0,0,0,1,350.0,12.0,2012.0,0,0.0,0.0,1,0,0,0,0,0,0,0
173,1,11022,1267,1,1,0,2013,8,26,0,0,0,1,350.0,12.0,2012.0,0,0.0,0.0,1,0,0,0,0,0,0,0
173,7,0,0,0,0,0,2013,8,25,0,0,0,1,350.0,12.0,2012.0,0,0.0,0.0,1,0,0,0,0,0,0,0
173,6,5962,784,1,0,0,2013,8,24,0,0,0,1,350.0,12.0,2012.0,0,0.0,0.0,1,0,0,0,0,0,0,0
173,5,6647,908,1,0,0,2013,8,23,0,0,0,1,350.0,12.0,2012.0,0,0.0,0.0,1,0,0,0,0,0,0,0
173,4,5895,898,1,0,0,2013,8,22,0,0,0,1,350.0,12.0,2012.0,0,0.0,0.0,1,0,0,0,0,0,0,0
173,3,6141,850,1,0,0,2013,8,21,0,0,0,1,350.0,12.0,2012.0,0,0.0,0.0,1,0,0,0,0,0,0,0
173,2,6653,963,1,0,0,2013,8,20,0,0,0,1,350.0,12.0,2012.0,0,0.0,0.0,1,0,0,0,0,0,0,0
173,1,6610,936,1,0,0,2013,8,19,0,0,0,1,350.0,12.0,2012.0,0,0.0,0.0,1,0,0,0,0,0,0,0
173,7,0,0,0,0,0,2013,8,18,0,0,0,1,350.0,12.0,2012.0,0,0.0,0.0,1,0,0,0,0,0,0,0
173,6,5677,795,1,0,0,2013,8,17,0,0,0,1,350.0,12.0,2012.0,0,0.0,0.0,1,0,0,0,0,0,0,0
173,5,8173,1072,1,1,0,2013,8,16,0,0,0,1,350.0,12.0,2012.0,0,0.0,0.0,1,0,0,0,0,0,0,0
173,4,9455,1143,1,1,0,2013,8,15,0,0,0,1,350.0,12.0,2012.0,0,0.0,0.0,1,0,0,0,0,0,0,0
173,3,8507,1079,1,1,0,2013,8,14,0,0,0,1,350.0,12.0,2012.0,0,0.0,0.0,1,0,0,0,0,0,0,0
173,2,10408,1196,1,1,0,2013,8,13,0,0,0,1,350.0,12.0,2012.0,0,0.0,0.0,1,0,0,0,0,0,0,0
173,1,11904,1355,1,1,0,2013,8,12,0,0,0,1,350.0,12.0,2012.0,0,0.0,0.0,1,0,0,0,0,0,0,0
173,7,0,0,0,0,0,2013,8,11,0,0,0,1,350.0,12.0,2012.0,0,0.0,0.0,1,0,0,0,0,0,0,0
173,6,6157,786,1,0,0,2013,8,10,0,0,0,1,350.0,12.0,2012.0,0,0.0,0.0,1,0,0,0,0,0,0,0
173,5,6999,956,1,0,0,2013,8,9,0,0,0,1,350.0,12.0,2012.0,0,0.0,0.0,1,0,0,0,0,0,0,0
173,4,6243,930,1,0,0,2013,8,8,0,0,0,1,350.0,12.0,2012.0,0,0.0,0.0,1,0,0,0,0,0,0,0
173,3,6390,918,1,0,0,2013,8,7,0,0,0,1,350.0,12.0,2012.0,0,0.0,0.0,1,0,0,0,0,0,0,0
173,2,6950,920,1,0,0,2013,8,6,0,0,0,1,350.0,12.0,2012.0,0,0.0,0.0,1,0,0,0,0,0,0,0
173,1,8145,1125,1,0,0,2013,8,5,0,0,0,1,350.0,12.0,2012.0,0,0.0,0.0,1,0,0,0,0,0,0,0
173,7,0,0,0,0,0,2013,8,4,0,0,0,1,350.0,12.0,2012.0,0,0.0,0.0,1,0,0,0,0,0,0,0
173,6,5731,785,1,0,0,2013,8,3,0,0,0,1,350.0,12.0,2012.0,0,0.0,0.0,1,0,0,0,0,0,0,0
173,5,8605,1047,1,1,1,2013,8,2,0,0,0,1,350.0,12.0,2012.0,0,0.0,0.0,1,0,0,0,0,0,0,0
173,4,9882,1196,1,1,1,2013,8,1,0,0,0,1,350.0,12.0,2012.0,0,0.0,0.0,1,0,0,0,0,0,0,0
173,3,11509,1306,1,1,1,2013,7,31,0,0,0,1,350.0,12.0,2012.0,0,0.0,0.0,1,0,0,0,0,0,0,0
173,2,10478,1196,1,1,1,2013,7,30,0,0,0,1,350.0,12.0,2012.0,0,0.0,0.0,1,0,0,0,0,0,0,0
173,1,11170,1284,1,1,1,2013,7,29,0,0,0,1,350.0,12.0,2012.0,0,0.0,0.0,1,0,0,0,0,0,0,0
173,7,0,0,0,0,0,2013,7,28,0,0,0,1,350.0,12.0,2012.0,0,0.0,0.0,1,0,0,0,0,0,0,0
173,6,4955,676,1,0,0,2013,7,27,0,0,0,1,350.0,12.0,2012.0,0,0.0,0.0,1,0,0,0,0,0,0,0
173,5,5524,773,1,0,1,2013,7,26,0,0,0,1,350.0,12.0,2012.0,0,0.0,0.0,1,0,0,0,0,0,0,0
173,4,6245,842,1,0,1,2013,7,25,0,0,0,1,350.0,12.0,2012.0,0,0.0,0.0,1,0,0,0,0,0,0,0
173,3,5660,806,1,0,1,2013,7,24,0,0,0,1,350.0,12.0,2012.0,0,0.0,0.0,1,0,0,0,0,0,0,0
173,2,6306,870,1,0,1,2013,7,23,0,0,0,1,350.0,12.0,2012.0,0,0.0,0.0,1,0,0,0,0,0,0,0
173,1,6535,882,1,0,1,2013,7,22,0,0,0,1,350.0,12.0,2012.0,0,0.0,0.0,1,0,0,0,0,0,0,0
173,7,0,0,0,0,0,2013,7,21,0,0,0,1,350.0,12.0,2012.0,0,0.0,0.0,1,0,0,0,0,0,0,0
173,6,5544,738,1,0,0,2013,7,20,0,0,0,1,350.0,12.0,2012.0,0,0.0,0.0,1,0,0,0,0,0,0,0
173,5,9296,1081,1,1,1,2013,7,19,0,0,0,1,350.0,12.0,2012.0,0,0.0,0.0,1,0,0,0,0,0,0,0
173,4,8291,974,1,1,1,2013,7,18,0,0,0,1,350.0,12.0,2012.0,0,0.0,0.0,1,0,0,0,0,0,0,0
173,3,8625,1027,1,1,1,2013,7,17,0,0,0,1,350.0,12.0,2012.0,0,0.0,0.0,1,0,0,0,0,0,0,0
173,2,9270,1079,1,1,1,2013,7,16,0,0,0,1,350.0,12.0,2012.0,0,0.0,0.0,1,0,0,0,0,0,0,0
173,1,12614,1338,1,1,1,2013,7,15,0,0,0,1,350.0,12.0,2012.0,0,0.0,0.0,1,0,0,0,0,0,0,0
173,7,0,0,0,0,0,2013,7,14,0,0,0,1,350.0,12.0,2012.0,0,0.0,0.0,1,0,0,0,0,0,0,0
173,6,5504,718,1,0,0,2013,7,13,0,0,0,1,350.0,12.0,2012.0,0,0.0,0.0,1,0,0,0,0,0,0,0
173,5,7379,907,1,0,1,2013,7,12,0,0,0,1,350.0,12.0,2012.0,0,0.0,0.0,1,0,0,0,0,0,0,0
173,4,6513,892,1,0,1,2013,7,11,0,0,0,1,350.0,12.0,2012.0,0,0.0,0.0,1,0,0,0,0,0,0,0
173,3,6628,866,1,0,1,2013,7,10,0,0,0,1,350.0,12.0,2012.0,0,0.0,0.0,1,0,0,0,0,0,0,0
173,2,6617,874,1,0,1,2013,7,9,0,0,0,1,350.0,12.0,2012.0,0,0.0,0.0,1,0,0,0,0,0,0,0
173,1,7710,1014,1,0,1,2013,7,8,0,0,0,1,350.0,12.0,2012.0,0,0.0,0.0,1,0,0,0,0,0,0,0
173,7,0,0,0,0,0,2013,7,7,0,0,0,1,350.0,12.0,2012.0,0,0.0,0.0,1,0,0,0,0,0,0,0
173,6,6265,788,1,0,0,2013,7,6,0,0,0,1,350.0,12.0,2012.0,0,0.0,0.0,1,0,0,0,0,0,0,0
173,5,9322,1107,1,1,1,2013,7,5,0,0,0,1,350.0,12.0,2012.0,0,0.0,0.0,1,0,0,0,0,0,0,0
173,4,9041,1047,1,1,1,2013,7,4,0,0,0,1,350.0,12.0,2012.0,0,0.0,0.0,1,0,0,0,0,0,0,0
173,3,9695,1120,1,1,1,2013,7,3,0,0,0,1,350.0,12.0,2012.0,0,0.0,0.0,1,0,0,0,0,0,0,0
173,2,11232,1250,1,1,1,2013,7,2,0,0,0,1,350.0,12.0,2012.0,0,0.0,0.0,1,0,0,0,0,0,0,0
173,1,13118,1395,1,1,1,2013,7,1,0,0,0,1,350.0,12.0,2012.0,0,0.0,0.0,1,0,0,0,0,0,0,0
173,7,0,0,0,0,0,2013,6,30,0,0,0,1,350.0,12.0,2012.0,0,0.0,0.0,1,0,0,0,0,0,0,0
173,6,7433,925,1,0,0,2013,6,29,0,0,0,1,350.0,12.0,2012.0,0,0.0,0.0,1,0,0,0,0,0,0,0
173,5,8975,1087,1,0,1,2013,6,28,0,0,0,1,350.0,12.0,2012.0,0,0.0,0.0,1,0,0,0,0,0,0,0
173,4,7482,968,1,0,1,2013,6,27,0,0,0,1,350.0,12.0,2012.0,0,0.0,0.0,1,0,0,0,0,0,0,0
173,3,7222,944,1,0,1,2013,6,26,0,0,0,1,350.0,12.0,2012.0,0,0.0,0.0,1,0,0,0,0,0,0,0
173,2,5394,689,1,0,1,2013,6,25,0,0,0,1,350.0,12.0,2012.0,0,0.0,0.0,1,0,0,0,0,0,0,0
173,1,7774,1067,1,0,1,2013,6,24,0,0,0,1,350.0,12.0,2012.0,0,0.0,0.0,1,0,0,0,0,0,0,0
173,7,0,0,0,0,0,2013,6,23,0,0,0,1,350.0,12.0,2012.0,0,0.0,0.0,1,0,0,0,0,0,0,0
173,6,6808,839,1,0,0,2013,6,22,0,0,0,1,350.0,12.0,2012.0,0,0.0,0.0,1,0,0,0,0,0,0,0
173,5,9006,1098,1,1,1,2013,6,21,0,0,0,1,350.0,12.0,2012.0,0,0.0,0.0,1,0,0,0,0,0,0,0
173,4,8283,989,1,1,1,2013,6,20,0,0,0,1,350.0,12.0,2012.0,0,0.0,0.0,1,0,0,0,0,0,0,0
173,3,7941,952,1,1,1,2013,6,19,0,0,0,1,350.0,12.0,2012.0,0,0.0,0.0,1,0,0,0,0,0,0,0
173,2,10425,1216,1,1,0,2013,6,18,0,0,0,1,350.0,12.0,2012.0,0,0.0,0.0,1,0,0,0,0,0,0,0
173,1,13066,1365,1,1,0,2013,6,17,0,0,0,1,350.0,12.0,2012.0,0,0.0,0.0,1,0,0,0,0,0,0,0
173,7,0,0,0,0,0,2013,6,16,0,0,0,1,350.0,12.0,2012.0,0,0.0,0.0,1,0,0,0,0,0,0,0
173,6,7646,857,1,0,0,2013,6,15,0,0,0,1,350.0,12.0,2012.0,0,0.0,0.0,1,0,0,0,0,0,0,0
173,5,8207,1043,1,0,0,2013,6,14,0,0,0,1,350.0,12.0,2012.0,0,0.0,0.0,1,0,0,0,0,0,0,0
173,4,7875,979,1,0,0,2013,6,13,0,0,0,1,350.0,12.0,2012.0,0,0.0,0.0,1,0,0,0,0,0,0,0
173,3,6969,914,1,0,0,2013,6,12,0,0,0,1,350.0,12.0,2012.0,0,0.0,0.0,1,0,0,0,0,0,0,0
173,2,7286,982,1,0,0,2013,6,11,0,0,0,1,350.0,12.0,2012.0,0,0.0,0.0,1,0,0,0,0,0,0,0
173,1,8182,1089,1,0,0,2013,6,10,0,0,0,1,350.0,12.0,2012.0,0,0.0,0.0,1,0,0,0,0,0,0,0
173,7,0,0,0,0,0,2013,6,9,0,0,0,1,350.0,12.0,2012.0,0,0.0,0.0,1,0,0,0,0,0,0,0
173,6,6257,807,1,0,0,2013,6,8,0,0,0,1,350.0,12.0,2012.0,0,0.0,0.0,1,0,0,0,0,0,0,0
173,5,9532,1125,1,1,0,2013,6,7,0,0,0,1,350.0,12.0,2012.0,0,0.0,0.0,1,0,0,0,0,0,0,0
173,4,9484,1107,1,1,0,2013,6,6,0,0,0,1,350.0,12.0,2012.0,0,0.0,0.0,1,0,0,0,0,0,0,0
173,3,9535,1122,1,1,0,2013,6,5,0,0,0,1,350.0,12.0,2012.0,0,0.0,0.0,1,0,0,0,0,0,0,0
173,2,9490,1177,1,1,0,2013,6,4,0,0,0,1,350.0,12.0,2012.0,0,0.0,0.0,1,0,0,0,0,0,0,0
173,1,13396,1488,1,1,0,2013,6,3,0,0,0,1,350.0,12.0,2012.0,0,0.0,0.0,1,0,0,0,0,0,0,0
173,7,0,0,0,0,0,2013,6,2,0,0,0,1,350.0,12.0,2012.0,0,0.0,0.0,1,0,0,0,0,0,0,0
173,6,8358,989,1,0,0,2013,6,1,0,0,0,1,350.0,12.0,2012.0,0,0.0,0.0,1,0,0,0,0,0,0,0
173,5,11157,1256,1,1,0,2013,5,31,0,0,0,1,350.0,12.0,2012.0,0,0.0,0.0,1,0,0,0,0,0,0,0
173,4,9111,1065,1,1,0,2013,5,30,0,0,0,1,350.0,12.0,2012.0,0,0.0,0.0,1,0,0,0,0,0,0,0
173,3,9616,1118,1,1,0,2013,5,29,0,0,0,1,350.0,12.0,2012.0,0,0.0,0.0,1,0,0,0,0,0,0,0
173,2,10136,1155,1,1,0,2013,5,28,0,0,0,1,350.0,12.0,2012.0,0,0.0,0.0,1,0,0,0,0,0,0,0
173,1,12452,1370,1,1,0,2013,5,27,0,0,0,1,350.0,12.0,2012.0,0,0.0,0.0,1,0,0,0,0,0,0,0
173,7,0,0,0,0,0,2013,5,26,0,0,0,1,350.0,12.0,2012.0,0,0.0,0.0,1,0,0,0,0,0,0,0
173,6,6070,770,1,0,0,2013,5,25,0,0,0,1,350.0,12.0,2012.0,0,0.0,0.0,1,0,0,0,0,0,0,0
173,5,6836,928,1,0,0,2013,5,24,0,0,0,1,350.0,12.0,2012.0,0,0.0,0.0,1,0,0,0,0,0,0,0
173,4,7359,1041,1,0,0,2013,5,23,0,0,0,1,350.0,12.0,2012.0,0,0.0,0.0,1,0,0,0,0,0,0,0
173,3,6858,927,1,0,0,2013,5,22,0,0,0,1,350.0,12.0,2012.0,0,0.0,0.0,1,0,0,0,0,0,0,0
173,2,8693,1129,1,0,1,2013,5,21,0,0,0,1,350.0,12.0,2012.0,0,0.0,0.0,1,0,0,0,0,0,0,0
173,1,0,0,0,0,0,2013,5,20,1,0,0,1,350.0,12.0,2012.0,0,0.0,0.0,1,0,0,0,0,0,0,0
173,7,0,0,0,0,0,2013,5,19,0,0,0,1,350.0,12.0,2012.0,0,0.0,0.0,1,0,0,0,0,0,0,0
173,6,6948,863,1,0,0,2013,5,18,0,0,0,1,350.0,12.0,2012.0,0,0.0,0.0,1,0,0,0,0,0,0,0
173,5,9296,1149,1,1,0,2013,5,17,0,0,0,1,350.0,12.0,2012.0,0,0.0,0.0,1,0,0,0,0,0,0,0
173,4,9056,1127,1,1,0,2013,5,16,0,0,0,1,350.0,12.0,2012.0,0,0.0,0.0,1,0,0,0,0,0,0,0
173,3,9864,1166,1,1,0,2013,5,15,0,0,0,1,350.0,12.0,2012.0,0,0.0,0.0,1,0,0,0,0,0,0,0
173,2,10431,1243,1,1,0,2013,5,14,0,0,0,1,350.0,12.0,2012.0,0,0.0,0.0,1,0,0,0,0,0,0,0
173,1,11256,1408,1,1,0,2013,5,13,0,0,0,1,350.0,12.0,2012.0,0,0.0,0.0,1,0,0,0,0,0,0,0
173,7,0,0,0,0,0,2013,5,12,0,0,0,1,350.0,12.0,2012.0,0,0.0,0.0,1,0,0,0,0,0,0,0
173,6,7566,905,1,0,0,2013,5,11,0,0,0,1,350.0,12.0,2012.0,0,0.0,0.0,1,0,0,0,0,0,0,0
173,5,9481,1164,1,0,1,2013,5,10,0,0,0,1,350.0,12.0,2012.0,0,0.0,0.0,1,0,0,0,0,0,0,0
173,4,0,0,0,0,0,2013,5,9,1,0,0,1,350.0,12.0,2012.0,0,0.0,0.0,1,0,0,0,0,0,0,0
173,3,8904,1153,1,0,0,2013,5,8,0,0,0,1,350.0,12.0,2012.0,0,0.0,0.0,1,0,0,0,0,0,0,0
173,2,8280,1099,1,0,0,2013,5,7,0,0,0,1,350.0,12.0,2012.0,0,0.0,0.0,1,0,0,0,0,0,0,0
173,1,8477,1102,1,0,0,2013,5,6,0,0,0,1,350.0,12.0,2012.0,0,0.0,0.0,1,0,0,0,0,0,0,0
173,7,0,0,0,0,0,2013,5,5,0,0,0,1,350.0,12.0,2012.0,0,0.0,0.0,1,0,0,0,0,0,0,0
173,6,7283,952,1,0,0,2013,5,4,0,0,0,1,350.0,12.0,2012.0,0,0.0,0.0,1,0,0,0,0,0,0,0
173,5,10982,1281,1,1,0,2013,5,3,0,0,0,1,350.0,12.0,2012.0,0,0.0,0.0,1,0,0,0,0,0,0,0
173,4,12007,1318,1,1,0,2013,5,2,0,0,0,1,350.0,12.0,2012.0,0,0.0,0.0,1,0,0,0,0,0,0,0
173,3,0,0,0,1,0,2013,5,1,1,0,0,1,350.0,12.0,2012.0,0,0.0,0.0,1,0,0,0,0,0,0,0
173,2,12610,1418,1,1,0,2013,4,30,0,0,0,1,350.0,12.0,2012.0,0,0.0,0.0,1,0,0,0,0,0,0,0
173,1,11969,1373,1,1,0,2013,4,29,0,0,0,1,350.0,12.0,2012.0,0,0.0,0.0,1,0,0,0,0,0,0,0
173,7,0,0,0,0,0,2013,4,28,0,0,0,1,350.0,12.0,2012.0,0,0.0,0.0,1,0,0,0,0,0,0,0
173,6,7105,896,1,0,0,2013,4,27,0,0,0,1,350.0,12.0,2012.0,0,0.0,0.0,1,0,0,0,0,0,0,0
173,5,8905,1064,1,1,0,2013,4,26,0,0,0,1,350.0,12.0,2012.0,0,0.0,0.0,1,0,0,0,0,0,0,0
173,4,9410,1127,1,1,0,2013,4,25,0,0,0,1,350.0,12.0,2012.0,0,0.0,0.0,1,0,0,0,0,0,0,0
173,3,8797,1081,1,1,0,2013,4,24,0,0,0,1,350.0,12.0,2012.0,0,0.0,0.0,1,0,0,0,0,0,0,0
173,2,10514,1222,1,1,0,2013,4,23,0,0,0,1,350.0,12.0,2012.0,0,0.0,0.0,1,0,0,0,0,0,0,0
173,1,11147,1307,1,1,0,2013,4,22,0,0,0,1,350.0,12.0,2012.0,0,0.0,0.0,1,0,0,0,0,0,0,0
173,7,0,0,0,0,0,2013,4,21,0,0,0,1,350.0,12.0,2012.0,0,0.0,0.0,1,0,0,0,0,0,0,0
173,6,6662,903,1,0,0,2013,4,20,0,0,0,1,350.0,12.0,2012.0,0,0.0,0.0,1,0,0,0,0,0,0,0
173,5,7620,1006,1,0,0,2013,4,19,0,0,0,1,350.0,12.0,2012.0,0,0.0,0.0,1,0,0,0,0,0,0,0
173,4,6266,925,1,0,0,2013,4,18,0,0,0,1,350.0,12.0,2012.0,0,0.0,0.0,1,0,0,0,0,0,0,0
173,3,6748,969,1,0,0,2013,4,17,0,0,0,1,350.0,12.0,2012.0,0,0.0,0.0,1,0,0,0,0,0,0,0
173,2,7481,997,1,0,0,2013,4,16,0,0,0,1,350.0,12.0,2012.0,0,0.0,0.0,1,0,0,0,0,0,0,0
173,1,7241,1032,1,0,0,2013,4,15,0,0,0,1,350.0,12.0,2012.0,0,0.0,0.0,1,0,0,0,0,0,0,0
173,7,0,0,0,0,0,2013,4,14,0,0,0,1,350.0,12.0,2012.0,0,0.0,0.0,1,0,0,0,0,0,0,0
173,6,6580,838,1,0,0,2013,4,13,0,0,0,1,350.0,12.0,2012.0,0,0.0,0.0,1,0,0,0,0,0,0,0
173,5,8870,1091,1,1,0,2013,4,12,0,0,0,1,350.0,12.0,2012.0,0,0.0,0.0,1,0,0,0,0,0,0,0
173,4,8965,1066,1,1,0,2013,4,11,0,0,0,1,350.0,12.0,2012.0,0,0.0,0.0,1,0,0,0,0,0,0,0
173,3,8634,1059,1,1,0,2013,4,10,0,0,0,1,350.0,12.0,2012.0,0,0.0,0.0,1,0,0,0,0,0,0,0
173,2,9813,1170,1,1,0,2013,4,9,0,0,0,1,350.0,12.0,2012.0,0,0.0,0.0,1,0,0,0,0,0,0,0
173,1,11415,1332,1,1,0,2013,4,8,0,0,0,1,350.0,12.0,2012.0,0,0.0,0.0,1,0,0,0,0,0,0,0
173,7,0,0,0,0,0,2013,4,7,0,0,0,1,350.0,12.0,2012.0,0,0.0,0.0,1,0,0,0,0,0,0,0
173,6,6628,884,1,0,0,2013,4,6,0,0,0,1,350.0,12.0,2012.0,0,0.0,0.0,1,0,0,0,0,0,0,0
173,5,7422,990,1,0,1,2013,4,5,0,0,0,1,350.0,12.0,2012.0,0,0.0,0.0,1,0,0,0,0,0,0,0
173,4,7146,967,1,0,1,2013,4,4,0,0,0,1,350.0,12.0,2012.0,0,0.0,0.0,1,0,0,0,0,0,0,0
173,3,7263,934,1,0,1,2013,4,3,0,0,0,1,350.0,12.0,2012.0,0,0.0,0.0,1,0,0,0,0,0,0,0
173,2,9299,1157,1,0,1,2013,4,2,0,0,0,1,350.0,12.0,2012.0,0,0.0,0.0,1,0,0,0,0,0,0,0
173,1,0,0,0,0,1,2013,4,1,0,1,0,1,350.0,12.0,2012.0,0,0.0,0.0,1,0,0,0,0,0,0,0
173,7,0,0,0,0,0,2013,3,31,0,0,0,1,350.0,12.0,2012.0,0,0.0,0.0,1,0,0,0,0,0,0,0
173,6,9104,1152,1,0,0,2013,3,30,0,0,0,1,350.0,12.0,2012.0,0,0.0,0.0,1,0,0,0,0,0,0,0
173,5,0,0,0,1,1,2013,3,29,0,1,0,1,350.0,12.0,2012.0,0,0.0,0.0,1,0,0,0,0,0,0,0
173,4,12496,1440,1,1,1,2013,3,28,0,0,0,1,350.0,12.0,2012.0,0,0.0,0.0,1,0,0,0,0,0,0,0
173,3,10449,1213,1,1,1,2013,3,27,0,0,0,1,350.0,12.0,2012.0,0,0.0,0.0,1,0,0,0,0,0,0,0
173,2,10754,1275,1,1,1,2013,3,26,0,0,0,1,350.0,12.0,2012.0,0,0.0,0.0,1,0,0,0,0,0,0,0
173,1,11122,1310,1,1,1,2013,3,25,0,0,0,1,350.0,12.0,2012.0,0,0.0,0.0,1,0,0,0,0,0,0,0
173,7,0,0,0,0,0,2013,3,24,0,0,0,1,350.0,12.0,2012.0,0,0.0,0.0,1,0,0,0,0,0,0,0
173,6,6922,849,1,0,0,2013,3,23,0,0,0,1,350.0,12.0,2012.0,0,0.0,0.0,1,0,0,0,0,0,0,0
173,5,8954,1095,1,1,0,2013,3,22,0,0,0,1,350.0,12.0,2012.0,0,0.0,0.0,1,0,0,0,0,0,0,0
173,4,8285,1039,1,1,0,2013,3,21,0,0,0,1,350.0,12.0,2012.0,0,0.0,0.0,1,0,0,0,0,0,0,0
173,3,9324,1122,1,1,0,2013,3,20,0,0,0,1,350.0,12.0,2012.0,0,0.0,0.0,1,0,0,0,0,0,0,0
173,2,8899,1043,1,1,0,2013,3,19,0,0,0,1,350.0,12.0,2012.0,0,0.0,0.0,1,0,0,0,0,0,0,0
173,1,11277,1241,1,1,0,2013,3,18,0,0,0,1,350.0,12.0,2012.0,0,0.0,0.0,1,0,0,0,0,0,0,0
173,7,0,0,0,0,0,2013,3,17,0,0,0,1,350.0,12.0,2012.0,0,0.0,0.0,1,0,0,0,0,0,0,0
173,6,7283,887,1,0,0,2013,3,16,0,0,0,1,350.0,12.0,2012.0,0,0.0,0.0,1,0,0,0,0,0,0,0
173,5,6921,961,1,0,0,2013,3,15,0,0,0,1,350.0,12.0,2012.0,0,0.0,0.0,1,0,0,0,0,0,0,0
173,4,6867,960,1,0,0,2013,3,14,0,0,0,1,350.0,12.0,2012.0,0,0.0,0.0,1,0,0,0,0,0,0,0
173,3,6801,952,1,0,0,2013,3,13,0,0,0,1,350.0,12.0,2012.0,0,0.0,0.0,1,0,0,0,0,0,0,0
173,2,6407,948,1,0,0,2013,3,12,0,0,0,1,350.0,12.0,2012.0,0,0.0,0.0,1,0,0,0,0,0,0,0
173,1,6585,956,1,0,0,2013,3,11,0,0,0,1,350.0,12.0,2012.0,0,0.0,0.0,1,0,0,0,0,0,0,0
173,7,0,0,0,0,0,2013,3,10,0,0,0,1,350.0,12.0,2012.0,0,0.0,0.0,1,0,0,0,0,0,0,0
173,6,5965,781,1,0,0,2013,3,9,0,0,0,1,350.0,12.0,2012.0,0,0.0,0.0,1,0,0,0,0,0,0,0
173,5,9001,1124,1,1,0,2013,3,8,0,0,0,1,350.0,12.0,2012.0,0,0.0,0.0,1,0,0,0,0,0,0,0
173,4,8772,1139,1,1,0,2013,3,7,0,0,0,1,350.0,12.0,2012.0,0,0.0,0.0,1,0,0,0,0,0,0,0
173,3,9845,1172,1,1,0,2013,3,6,0,0,0,1,350.0,12.0,2012.0,0,0.0,0.0,1,0,0,0,0,0,0,0
173,2,11162,1277,1,1,0,2013,3,5,0,0,0,1,350.0,12.0,2012.0,0,0.0,0.0,1,0,0,0,0,0,0,0
173,1,12358,1412,1,1,0,2013,3,4,0,0,0,1,350.0,12.0,2012.0,0,0.0,0.0,1,0,0,0,0,0,0,0
173,7,0,0,0,0,0,2013,3,3,0,0,0,1,350.0,12.0,2012.0,0,0.0,0.0,1,0,0,0,0,0,0,0
173,6,7870,991,1,0,0,2013,3,2,0,0,0,1,350.0,12.0,2012.0,0,0.0,0.0,1,0,0,0,0,0,0,0
173,5,8363,1064,1,0,0,2013,3,1,0,0,0,1,350.0,12.0,2012.0,0,0.0,0.0,1,0,0,0,0,0,0,0
173,4,8214,1064,1,0,0,2013,2,28,0,0,0,1,350.0,12.0,2012.0,0,0.0,0.0,1,0,0,0,0,0,0,0
173,3,6611,890,1,0,0,2013,2,27,0,0,0,1,350.0,12.0,2012.0,0,0.0,0.0,1,0,0,0,0,0,0,0
173,2,6547,902,1,0,0,2013,2,26,0,0,0,1,350.0,12.0,2012.0,0,0.0,0.0,1,0,0,0,0,0,0,0
173,1,6878,973,1,0,0,2013,2,25,0,0,0,1,350.0,12.0,2012.0,0,0.0,0.0,1,0,0,0,0,0,0,0
173,7,0,0,0,0,0,2013,2,24,0,0,0,1,350.0,12.0,2012.0,0,0.0,0.0,1,0,0,0,0,0,0,0
173,6,6530,786,1,0,0,2013,2,23,0,0,0,1,350.0,12.0,2012.0,0,0.0,0.0,1,0,0,0,0,0,0,0
173,5,8714,1075,1,1,0,2013,2,22,0,0,0,1,350.0,12.0,2012.0,0,0.0,0.0,1,0,0,0,0,0,0,0
173,4,8533,1039,1,1,0,2013,2,21,0,0,0,1,350.0,12.0,2012.0,0,0.0,0.0,1,0,0,0,0,0,0,0
173,3,8926,1065,1,1,0,2013,2,20,0,0,0,1,350.0,12.0,2012.0,0,0.0,0.0,1,0,0,0,0,0,0,0
173,2,8846,1043,1,1,0,2013,2,19,0,0,0,1,350.0,12.0,2012.0,0,0.0,0.0,1,0,0,0,0,0,0,0
173,1,12041,1353,1,1,0,2013,2,18,0,0,0,1,350.0,12.0,2012.0,0,0.0,0.0,1,0,0,0,0,0,0,0
173,7,0,0,0,0,0,2013,2,17,0,0,0,1,350.0,12.0,2012.0,0,0.0,0.0,1,0,0,0,0,0,0,0
173,6,6891,876,1,0,0,2013,2,16,0,0,0,1,350.0,12.0,2012.0,0,0.0,0.0,1,0,0,0,0,0,0,0
173,5,6878,937,1,0,0,2013,2,15,0,0,0,1,350.0,12.0,2012.0,0,0.0,0.0,1,0,0,0,0,0,0,0
173,4,6732,945,1,0,0,2013,2,14,0,0,0,1,350.0,12.0,2012.0,0,0.0,0.0,1,0,0,0,0,0,0,0
173,3,7048,937,1,0,0,2013,2,13,0,0,0,1,350.0,12.0,2012.0,0,0.0,0.0,1,0,0,0,0,0,0,0
173,2,7056,950,1,0,0,2013,2,12,0,0,0,1,350.0,12.0,2012.0,0,0.0,0.0,1,0,0,0,0,0,0,0
173,1,8057,1049,1,0,0,2013,2,11,0,0,0,1,350.0,12.0,2012.0,0,0.0,0.0,1,0,0,0,0,0,0,0
173,7,0,0,0,0,0,2013,2,10,0,0,0,1,350.0,12.0,2012.0,0,0.0,0.0,1,0,0,0,0,0,0,0
173,6,6295,857,1,0,0,2013,2,9,0,0,0,1,350.0,12.0,2012.0,0,0.0,0.0,1,0,0,0,0,0,0,0
173,5,8709,1027,1,1,1,2013,2,8,0,0,0,1,350.0,12.0,2012.0,0,0.0,0.0,1,0,0,0,0,0,0,0
173,4,8945,1148,1,1,1,2013,2,7,0,0,0,1,350.0,12.0,2012.0,0,0.0,0.0,1,0,0,0,0,0,0,0
173,3,10803,1248,1,1,1,2013,2,6,0,0,0,1,350.0,12.0,2012.0,0,0.0,0.0,1,0,0,0,0,0,0,0
173,2,11295,1271,1,1,1,2013,2,5,0,0,0,1,350.0,12.0,2012.0,0,0.0,0.0,1,0,0,0,0,0,0,0
173,1,11570,1268,1,1,1,2013,2,4,0,0,0,1,350.0,12.0,2012.0,0,0.0,0.0,1,0,0,0,0,0,0,0
173,7,0,0,0,0,0,2013,2,3,0,0,0,1,350.0,12.0,2012.0,0,0.0,0.0,1,0,0,0,0,0,0,0
173,6,6709,846,1,0,0,2013,2,2,0,0,0,1,350.0,12.0,2012.0,0,0.0,0.0,1,0,0,0,0,0,0,0
173,5,8250,1073,1,0,0,2013,2,1,0,0,0,1,350.0,12.0,2012.0,0,0.0,0.0,1,0,0,0,0,0,0,0
173,4,8602,1070,1,0,0,2013,1,31,0,0,0,1,350.0,12.0,2012.0,0,0.0,0.0,1,0,0,0,0,0,0,0
173,3,7202,953,1,0,0,2013,1,30,0,0,0,1,350.0,12.0,2012.0,0,0.0,0.0,1,0,0,0,0,0,0,0
173,2,6705,910,1,0,0,2013,1,29,0,0,0,1,350.0,12.0,2012.0,0,0.0,0.0,1,0,0,0,0,0,0,0
173,1,7366,971,1,0,0,2013,1,28,0,0,0,1,350.0,12.0,2012.0,0,0.0,0.0,1,0,0,0,0,0,0,0
173,7,0,0,0,0,0,2013,1,27,0,0,0,1,350.0,12.0,2012.0,0,0.0,0.0,1,0,0,0,0,0,0,0
173,6,5817,779,1,0,0,2013,1,26,0,0,0,1,350.0,12.0,2012.0,0,0.0,0.0,1,0,0,0,0,0,0,0
173,5,8577,1064,1,1,0,2013,1,25,0,0,0,1,350.0,12.0,2012.0,0,0.0,0.0,1,0,0,0,0,0,0,0
173,4,8228,1010,1,1,0,2013,1,24,0,0,0,1,350.0,12.0,2012.0,0,0.0,0.0,1,0,0,0,0,0,0,0
173,3,7885,954,1,1,0,2013,1,23,0,0,0,1,350.0,12.0,2012.0,0,0.0,0.0,1,0,0,0,0,0,0,0
173,2,8869,1037,1,1,0,2013,1,22,0,0,0,1,350.0,12.0,2012.0,0,0.0,0.0,1,0,0,0,0,0,0,0
173,1,10609,1185,1,1,0,2013,1,21,0,0,0,1,350.0,12.0,2012.0,0,0.0,0.0,1,0,0,0,0,0,0,0
173,7,0,0,0,0,0,2013,1,20,0,0,0,1,350.0,12.0,2012.0,0,0.0,0.0,1,0,0,0,0,0,0,0
173,6,6543,828,1,0,0,2013,1,19,0,0,0,1,350.0,12.0,2012.0,0,0.0,0.0,1,0,0,0,0,0,0,0
173,5,6592,890,1,0,0,2013,1,18,0,0,0,1,350.0,12.0,2012.0,0,0.0,0.0,1,0,0,0,0,0,0,0
173,4,6784,933,1,0,0,2013,1,17,0,0,0,1,350.0,12.0,2012.0,0,0.0,0.0,1,0,0,0,0,0,0,0
173,3,6442,884,1,0,0,2013,1,16,0,0,0,1,350.0,12.0,2012.0,0,0.0,0.0,1,0,0,0,0,0,0,0
173,2,6744,935,1,0,0,2013,1,15,0,0,0,1,350.0,12.0,2012.0,0,0.0,0.0,1,0,0,0,0,0,0,0
173,1,6898,986,1,0,0,2013,1,14,0,0,0,1,350.0,12.0,2012.0,0,0.0,0.0,1,0,0,0,0,0,0,0
173,7,0,0,0,0,0,2013,1,13,0,0,0,1,350.0,12.0,2012.0,0,0.0,0.0,1,0,0,0,0,0,0,0
173,6,7314,899,1,0,0,2013,1,12,0,0,0,1,350.0,12.0,2012.0,0,0.0,0.0,1,0,0,0,0,0,0,0
173,5,9461,1160,1,1,0,2013,1,11,0,0,0,1,350.0,12.0,2012.0,0,0.0,0.0,1,0,0,0,0,0,0,0
173,4,8923,1064,1,1,0,2013,1,10,0,0,0,1,350.0,12.0,2012.0,0,0.0,0.0,1,0,0,0,0,0,0,0
173,3,9725,1139,1,1,0,2013,1,9,0,0,0,1,350.0,12.0,2012.0,0,0.0,0.0,1,0,0,0,0,0,0,0
173,2,9573,1107,1,1,0,2013,1,8,0,0,0,1,350.0,12.0,2012.0,0,0.0,0.0,1,0,0,0,0,0,0,0
173,1,12018,1396,1,1,0,2013,1,7,0,0,0,1,350.0,12.0,2012.0,0,0.0,0.0,1,0,0,0,0,0,0,0
173,7,0,0,0,0,0,2013,1,6,0,0,0,1,350.0,12.0,2012.0,0,0.0,0.0,1,0,0,0,0,0,0,0
173,6,7361,912,1,0,0,2013,1,5,0,0,0,1,350.0,12.0,2012.0,0,0.0,0.0,1,0,0,0,0,0,0,0
173,5,6651,925,1,0,1,2013,1,4,0,0,0,1,350.0,12.0,2012.0,0,0.0,0.0,1,0,0,0,0,0,0,0
173,4,6934,971,1,0,1,2013,1,3,0,0,0,1,350.0,12.0,2012.0,0,0.0,0.0,1,0,0,0,0,0,0,0
173,3,8156,1105,1,0,1,2013,1,2,0,0,0,1,350.0,12.0,2012.0,0,0.0,0.0,1,0,0,0,0,0,0,0
173,2,0,0,0,0,1,2013,1,1,1,0,0,1,350.0,12.0,2012.0,0,0.0,0.0,1,0,0,0,0,0,0,0
